filename,width,height,class,xmin,ymin,xmax,ymax
label_1.jpg,1440,1080,G0,646,240,663,248
label_1.jpg,1440,1080,G0,624,738,648,755
label_1.jpg,1440,1080,G0,1101,544,1116,559
label_1.jpg,1440,1080,G0,1105,459,1120,479
label_1.jpg,1440,1080,G0,1080,494,1098,515
label_1.jpg,1440,1080,G0,1098,418,1113,436
label_1.jpg,1440,1080,G0,1091,380,1102,398
label_1.jpg,1440,1080,G0,1072,577,1085,596
label_1.jpg,1440,1080,G0,1078,452,1099,474
label_1.jpg,1440,1080,G0,1079,539,1093,553
label_1.jpg,1440,1080,G0,1069,665,1087,682
label_1.jpg,1440,1080,G0,1053,525,1067,536
label_1.jpg,1440,1080,G0,1029,531,1047,547
label_1.jpg,1440,1080,G0,1017,569,1035,587
label_1.jpg,1440,1080,G0,1045,554,1065,575
label_1.jpg,1440,1080,G0,1051,705,1069,721
label_1.jpg,1440,1080,G0,1032,739,1049,756
label_1.jpg,1440,1080,G0,1045,655,1063,677
label_1.jpg,1440,1080,G0,1036,598,1056,621
label_1.jpg,1440,1080,G0,1027,695,1047,714
label_1.jpg,1440,1080,G0,1008,775,1025,791
label_1.jpg,1440,1080,G0,978,809,996,822
label_1.jpg,1440,1080,G0,1005,731,1027,750
label_1.jpg,1440,1080,G0,1023,641,1045,662
label_1.jpg,1440,1080,G0,1009,675,1028,699
label_1.jpg,1440,1080,G0,981,767,1000,783
label_1.jpg,1440,1080,G0,1006,611,1026,634
label_1.jpg,1440,1080,G0,1003,528,1017,544
label_1.jpg,1440,1080,G0,986,713,1007,735
label_1.jpg,1440,1080,G0,993,647,1013,671
label_1.jpg,1440,1080,G0,978,606,999,624
label_1.jpg,1440,1080,G0,1002,483,1021,504
label_1.jpg,1440,1080,G0,1073,409,1094,431
label_1.jpg,1440,1080,G0,978,515,992,528
label_1.jpg,1440,1080,G0,969,549,988,571
label_1.jpg,1440,1080,G0,976,471,999,492
label_1.jpg,1440,1080,G0,1079,346,1085,357
label_1.jpg,1440,1080,G0,1002,363,1027,387
label_1.jpg,1440,1080,G0,1026,295,1047,319
label_1.jpg,1440,1080,G0,1003,262,1024,283
label_1.jpg,1440,1080,G0,1008,316,1030,338
label_1.jpg,1440,1080,G0,986,327,1009,350
label_1.jpg,1440,1080,G0,975,364,998,388
label_1.jpg,1440,1080,G0,944,682,968,702
label_1.jpg,1440,1080,G0,922,662,944,688
label_1.jpg,1440,1080,G0,939,567,954,584
label_1.jpg,1440,1080,G0,948,527,965,543
label_1.jpg,1440,1080,G0,922,607,947,624
label_1.jpg,1440,1080,G0,926,488,943,495
label_1.jpg,1440,1080,G0,925,529,939,546
label_1.jpg,1440,1080,G0,923,446,941,466
label_1.jpg,1440,1080,G0,911,568,931,585
label_1.jpg,1440,1080,G0,952,483,973,500
label_1.jpg,1440,1080,G0,957,591,977,611
label_1.jpg,1440,1080,G0,944,630,965,651
label_1.jpg,1440,1080,G0,966,643,988,666
label_1.jpg,1440,1080,G0,971,685,994,708
label_1.jpg,1440,1080,G0,952,798,971,814
label_1.jpg,1440,1080,G0,951,839,964,851
label_1.jpg,1440,1080,G0,958,749,981,767
label_1.jpg,1440,1080,G0,945,722,970,741
label_1.jpg,1440,1080,G0,932,781,953,795
label_1.jpg,1440,1080,G0,920,754,943,772
label_1.jpg,1440,1080,G0,919,714,941,735
label_1.jpg,1440,1080,G0,897,697,919,720
label_1.jpg,1440,1080,G0,895,804,916,823
label_1.jpg,1440,1080,G0,892,782,909,799
label_1.jpg,1440,1080,G0,890,746,913,763
label_1.jpg,1440,1080,G0,906,642,929,664
label_1.jpg,1440,1080,G0,898,610,922,627
label_1.jpg,1440,1080,G0,956,327,978,355
label_1.jpg,1440,1080,G0,942,351,964,374
label_1.jpg,1440,1080,G0,986,281,1009,303
label_1.jpg,1440,1080,G0,987,202,1002,215
label_1.jpg,1440,1080,G0,981,233,992,244
label_1.jpg,1440,1080,G0,964,294,984,314
label_1.jpg,1440,1080,G0,962,250,981,271
label_1.jpg,1440,1080,G0,938,261,961,281
label_1.jpg,1440,1080,G0,955,176,969,189
label_1.jpg,1440,1080,G0,946,201,963,217
label_1.jpg,1440,1080,G0,932,223,951,239
label_1.jpg,1440,1080,G0,899,331,920,354
label_1.jpg,1440,1080,G0,919,153,936,167
label_1.jpg,1440,1080,G0,914,176,932,191
label_1.jpg,1440,1080,G0,908,234,929,252
label_1.jpg,1440,1080,G0,905,265,926,285
label_1.jpg,1440,1080,G0,898,196,918,215
label_1.jpg,1440,1080,G0,890,287,915,307
label_1.jpg,1440,1080,G0,871,302,893,323
label_1.jpg,1440,1080,G0,871,336,891,354
label_1.jpg,1440,1080,G0,877,641,901,662
label_1.jpg,1440,1080,G0,881,675,907,697
label_1.jpg,1440,1080,G0,867,777,877,785
label_1.jpg,1440,1080,G0,866,730,889,752
label_1.jpg,1440,1080,G0,855,704,877,725
label_1.jpg,1440,1080,G0,852,675,874,693
label_1.jpg,1440,1080,G0,877,159,891,167
label_1.jpg,1440,1080,G0,875,211,896,229
label_1.jpg,1440,1080,G0,873,241,893,259
label_1.jpg,1440,1080,G0,863,178,885,193
label_1.jpg,1440,1080,G0,834,222,855,233
label_1.jpg,1440,1080,G0,838,142,859,154
label_1.jpg,1440,1080,G0,825,159,846,175
label_1.jpg,1440,1080,G0,836,194,860,210
label_1.jpg,1440,1080,G0,860,263,881,280
label_1.jpg,1440,1080,G0,842,311,861,326
label_1.jpg,1440,1080,G0,840,278,860,295
label_1.jpg,1440,1080,G0,823,243,845,255
label_1.jpg,1440,1080,G0,810,293,826,300
label_1.jpg,1440,1080,G0,802,260,822,272
label_1.jpg,1440,1080,G0,797,205,818,218
label_1.jpg,1440,1080,G0,795,179,821,191
label_1.jpg,1440,1080,G0,798,128,818,140
label_1.jpg,1440,1080,G0,785,150,808,161
label_1.jpg,1440,1080,G0,785,227,809,242
label_1.jpg,1440,1080,G0,716,936,730,942
label_1.jpg,1440,1080,G0,746,878,763,886
label_1.jpg,1440,1080,G0,736,847,757,862
label_1.jpg,1440,1080,G0,769,273,789,287
label_1.jpg,1440,1080,G0,742,825,757,837
label_1.jpg,1440,1080,G0,722,909,740,918
label_1.jpg,1440,1080,G0,761,247,785,260
label_1.jpg,1440,1080,G0,701,876,722,891
label_1.jpg,1440,1080,G0,695,852,715,869
label_1.jpg,1440,1080,G0,700,828,721,841
label_1.jpg,1440,1080,G0,714,798,738,814
label_1.jpg,1440,1080,G0,681,909,699,919
label_1.jpg,1440,1080,G0,673,937,689,942
label_1.jpg,1440,1080,G0,657,878,680,891
label_1.jpg,1440,1080,G0,726,262,749,277
label_1.jpg,1440,1080,G0,759,120,779,133
label_1.jpg,1440,1080,G0,754,168,778,181
label_1.jpg,1440,1080,G0,756,195,779,207
label_1.jpg,1440,1080,G0,746,216,769,229
label_1.jpg,1440,1080,G0,745,141,768,153
label_1.jpg,1440,1080,G0,722,237,747,254
label_1.jpg,1440,1080,G0,681,236,705,251
label_1.jpg,1440,1080,G0,717,115,737,123
label_1.jpg,1440,1080,G0,714,159,738,173
label_1.jpg,1440,1080,G0,715,187,737,200
label_1.jpg,1440,1080,G0,705,210,729,223
label_1.jpg,1440,1080,G0,720,287,741,299
label_1.jpg,1440,1080,G0,705,770,726,790
label_1.jpg,1440,1080,G0,705,748,726,763
label_1.jpg,1440,1080,G0,688,259,709,274
label_1.jpg,1440,1080,G0,679,285,700,297
label_1.jpg,1440,1080,G0,704,138,725,149
label_1.jpg,1440,1080,G0,678,113,697,123
label_1.jpg,1440,1080,G0,675,186,697,199
label_1.jpg,1440,1080,G0,665,211,689,225
label_1.jpg,1440,1080,G0,665,747,689,762
label_1.jpg,1440,1080,G0,657,827,679,839
label_1.jpg,1440,1080,G0,654,851,673,868
label_1.jpg,1440,1080,G0,638,905,656,915
label_1.jpg,1440,1080,G0,630,932,647,938
label_1.jpg,1440,1080,G0,650,267,668,274
label_1.jpg,1440,1080,G0,621,762,647,781
label_1.jpg,1440,1080,G0,633,791,656,811
label_1.jpg,1440,1080,G0,618,868,639,883
label_1.jpg,1440,1080,G0,594,898,615,910
label_1.jpg,1440,1080,G0,609,843,630,861
label_1.jpg,1440,1080,G0,616,819,641,832
label_1.jpg,1440,1080,G0,663,139,697,174
label_1.jpg,1440,1080,G0,635,191,657,201
label_1.jpg,1440,1080,G0,637,118,657,126
label_1.jpg,1440,1080,G0,635,163,653,178
label_1.jpg,1440,1080,G0,592,783,616,799
label_1.jpg,1440,1080,G0,577,806,598,820
label_1.jpg,1440,1080,G0,620,143,642,153
label_1.jpg,1440,1080,G0,585,723,609,741
label_1.jpg,1440,1080,G0,582,751,609,767
label_1.jpg,1440,1080,G0,570,830,592,850
label_1.jpg,1440,1080,G0,576,861,596,875
label_1.jpg,1440,1080,G0,556,881,577,895
label_1.jpg,1440,1080,G0,556,768,580,783
label_1.jpg,1440,1080,G0,539,788,561,803
label_1.jpg,1440,1080,G0,537,846,558,862
label_1.jpg,1440,1080,G0,517,865,537,878
label_1.jpg,1440,1080,G0,532,815,553,829
label_1.jpg,1440,1080,G0,546,730,570,750
label_1.jpg,1440,1080,G0,550,702,575,723
label_1.jpg,1440,1080,G0,518,740,543,763
label_1.jpg,1440,1080,G0,501,763,526,783
label_1.jpg,1440,1080,G0,494,788,516,808
label_1.jpg,1440,1080,G0,562,323,575,335
label_1.jpg,1440,1080,G0,518,674,542,695
label_1.jpg,1440,1080,G0,512,703,537,725
label_1.jpg,1440,1080,G0,492,640,513,663
label_1.jpg,1440,1080,G0,486,716,513,736
label_1.jpg,1440,1080,G0,485,674,507,696
label_1.jpg,1440,1080,G0,469,734,492,756
label_1.jpg,1440,1080,G0,460,761,485,782
label_1.jpg,1440,1080,G0,461,801,485,819
label_1.jpg,1440,1080,G0,444,819,464,835
label_1.jpg,1440,1080,G0,434,846,450,857
label_1.jpg,1440,1080,G0,458,683,481,706
label_1.jpg,1440,1080,G0,441,702,464,726
label_1.jpg,1440,1080,G0,430,731,450,750
label_1.jpg,1440,1080,G0,432,772,454,791
label_1.jpg,1440,1080,G0,413,791,433,808
label_1.jpg,1440,1080,G0,401,814,421,831
label_1.jpg,1440,1080,G0,402,739,428,759
label_1.jpg,1440,1080,G0,385,756,406,778
label_1.jpg,1440,1080,G0,374,783,391,799
label_1.jpg,1440,1080,G0,461,638,486,661
label_1.jpg,1440,1080,G0,436,647,462,671
label_1.jpg,1440,1080,G0,417,666,441,691
label_1.jpg,1440,1080,G0,406,697,430,719
label_1.jpg,1440,1080,G0,379,703,407,727
label_1.jpg,1440,1080,G0,359,722,380,744
label_1.jpg,1440,1080,G0,348,748,367,766
label_1.jpg,1440,1080,G0,529,343,552,363
label_1.jpg,1440,1080,G0,464,335,489,359
label_1.jpg,1440,1080,G0,475,290,496,303
label_1.jpg,1440,1080,G0,482,251,504,272
label_1.jpg,1440,1080,G0,480,224,499,245
label_1.jpg,1440,1080,G0,448,317,472,341
label_1.jpg,1440,1080,G0,508,266,529,283
label_1.jpg,1440,1080,G0,526,286,543,298
label_1.jpg,1440,1080,G0,464,446,484,467
label_1.jpg,1440,1080,G0,452,526,472,544
label_1.jpg,1440,1080,G0,385,661,408,683
label_1.jpg,1440,1080,G0,326,712,343,731
label_1.jpg,1440,1080,G0,307,674,326,693
label_1.jpg,1440,1080,G0,424,523,447,543
label_1.jpg,1440,1080,G0,452,485,475,506
label_1.jpg,1440,1080,G0,437,440,461,463
label_1.jpg,1440,1080,G0,410,446,431,468
label_1.jpg,1440,1080,G0,402,529,423,551
label_1.jpg,1440,1080,G0,389,428,407,448
label_1.jpg,1440,1080,G0,466,204,486,218
label_1.jpg,1440,1080,G0,449,277,473,303
label_1.jpg,1440,1080,G0,446,248,469,267
label_1.jpg,1440,1080,G0,444,191,461,206
label_1.jpg,1440,1080,G0,433,227,454,245
label_1.jpg,1440,1080,G0,421,307,450,329
label_1.jpg,1440,1080,G0,398,342,424,364
label_1.jpg,1440,1080,G0,416,276,438,299
label_1.jpg,1440,1080,G0,413,217,429,231
label_1.jpg,1440,1080,G0,403,256,423,277
label_1.jpg,1440,1080,G0,383,244,402,260
label_1.jpg,1440,1080,G0,356,279,375,295
label_1.jpg,1440,1080,G0,333,312,352,330
label_1.jpg,1440,1080,G0,351,381,376,403
label_1.jpg,1440,1080,G0,378,379,401,400
label_1.jpg,1440,1080,G0,378,468,400,490
label_1.jpg,1440,1080,G0,354,460,375,480
label_1.jpg,1440,1080,G0,338,420,353,443
label_1.jpg,1440,1080,G0,329,464,348,485
label_1.jpg,1440,1080,G0,325,505,344,523
label_1.jpg,1440,1080,G0,325,547,347,569
label_1.jpg,1440,1080,G0,294,636,311,655
label_1.jpg,1440,1080,G0,301,563,325,584
label_1.jpg,1440,1080,G0,284,595,300,613
label_1.jpg,1440,1080,G0,297,526,318,542
label_1.jpg,1440,1080,G0,322,397,338,405
label_1.jpg,1440,1080,G0,306,438,326,459
label_1.jpg,1440,1080,G0,301,480,319,499
label_1.jpg,1440,1080,G0,278,553,295,571
label_1.jpg,1440,1080,G0,301,387,315,399
label_1.jpg,1440,1080,G0,287,429,301,447
label_1.jpg,1440,1080,G0,280,470,295,487
label_1.jpg,1440,1080,G0,278,511,287,519
label_1.jpg,1440,1080,G0,477,164,499,177
label_1.jpg,1440,1080,G0,514,146,535,158
label_1.jpg,1440,1080,G0,553,128,576,140
label_1.jpg,1440,1080,G0,592,122,611,131
label_1.jpg,1440,1080,G0,578,148,602,165
label_1.jpg,1440,1080,G0,540,162,562,177
label_1.jpg,1440,1080,G0,502,181,523,193
label_1.jpg,1440,1080,G0,594,174,614,190
label_1.jpg,1440,1080,G0,548,186,574,197
label_1.jpg,1440,1080,G0,509,203,533,213
label_1.jpg,1440,1080,G0,590,197,614,212
label_1.jpg,1440,1080,G0,549,212,576,228
label_1.jpg,1440,1080,G0,516,230,541,244
label_1.jpg,1440,1080,G0,624,217,642,233
label_1.jpg,1440,1080,G0,584,228,606,239
label_1.jpg,1440,1080,G0,547,244,568,256
label_1.jpg,1440,1080,G0,600,248,620,262
label_1.jpg,1440,1080,G0,561,266,579,281
label_1.jpg,1440,1080,G0,606,274,627,289
label_1.jpg,1440,1080,G0,567,289,591,303
label_1.jpg,1440,1080,G0,638,292,657,305
label_1.jpg,1440,1080,G0,598,303,620,314
label_1.jpg,1440,1080,G0,533,312,549,323
label_1.jpg,1440,1080,G0,505,338,521,355
label_1.jpg,1440,1080,G0,500,306,512,326
label_1.jpg,1440,1080,G0,502,371,523,393
label_1.jpg,1440,1080,G0,376,285,395,304
label_1.jpg,1440,1080,G0,394,310,410,328
label_1.jpg,1440,1080,G0,353,321,370,340
label_1.jpg,1440,1080,G0,314,345,328,366
label_1.jpg,1440,1080,G0,336,358,350,379
label_1.jpg,1440,1080,G0,370,345,384,366
label_1.jpg,1440,1080,G0,427,351,438,377
label_1.jpg,1440,1080,G0,441,369,461,389
label_1.jpg,1440,1080,G0,479,363,494,384
label_1.jpg,1440,1080,G0,482,401,497,428
label_1.jpg,1440,1080,G0,457,401,472,423
label_1.jpg,1440,1080,G0,406,387,422,413
label_1.jpg,1440,1080,G0,428,403,441,424
label_1.jpg,1440,1080,G0,405,487,420,509
label_1.jpg,1440,1080,G0,431,480,449,505
label_1.jpg,1440,1080,G0,368,422,382,444
label_1.jpg,1440,1080,G0,351,500,369,522
label_1.jpg,1440,1080,G0,380,509,394,532
label_1.jpg,1440,1080,G0,353,542,373,565
label_1.jpg,1440,1080,G0,378,548,399,574
label_1.jpg,1440,1080,G0,408,570,427,591
label_1.jpg,1440,1080,G0,433,560,455,587
label_1.jpg,1440,1080,G0,461,564,480,587
label_1.jpg,1440,1080,G0,310,603,330,629
label_1.jpg,1440,1080,G0,331,587,347,609
label_1.jpg,1440,1080,G0,356,583,379,605
label_1.jpg,1440,1080,G0,385,591,404,610
label_1.jpg,1440,1080,G0,475,604,490,625
label_1.jpg,1440,1080,G0,444,602,456,621
label_1.jpg,1440,1080,G0,422,609,437,631
label_1.jpg,1440,1080,G0,401,630,416,650
label_1.jpg,1440,1080,G0,369,621,387,645
label_1.jpg,1440,1080,G0,348,629,364,651
label_1.jpg,1440,1080,G0,324,646,340,666
label_1.jpg,1440,1080,G0,363,669,377,689
label_1.jpg,1440,1080,G0,340,684,358,705
label_1.jpg,1440,1080,G0,498,821,520,845
label_1.jpg,1440,1080,G0,474,836,495,859
label_1.jpg,1440,1080,G0,465,863,487,880
label_1.jpg,1440,1080,G0,503,884,527,909
label_1.jpg,1440,1080,G0,543,902,568,919
label_1.jpg,1440,1080,G0,580,915,606,936
label_1.jpg,1440,1080,G0,661,766,682,789
label_1.jpg,1440,1080,G0,674,797,698,818
label_1.jpg,1440,1080,G0,745,738,768,755
label_1.jpg,1440,1080,G0,744,764,768,780
label_1.jpg,1440,1080,G0,756,788,777,808
label_1.jpg,1440,1080,G0,781,809,806,830
label_1.jpg,1440,1080,G0,776,837,800,855
label_1.jpg,1440,1080,G0,782,861,803,883
label_1.jpg,1440,1080,G0,764,893,785,913
label_1.jpg,1440,1080,G0,751,920,774,941
label_1.jpg,1440,1080,G0,794,908,819,930
label_1.jpg,1440,1080,G0,833,897,862,912
label_1.jpg,1440,1080,G0,803,883,824,900
label_1.jpg,1440,1080,G0,784,723,808,743
label_1.jpg,1440,1080,G0,783,753,808,770
label_1.jpg,1440,1080,G0,797,777,820,796
label_1.jpg,1440,1080,G0,821,788,838,811
label_1.jpg,1440,1080,G0,815,825,838,842
label_1.jpg,1440,1080,G0,825,850,845,869
label_1.jpg,1440,1080,G0,842,865,859,888
label_1.jpg,1440,1080,G0,872,880,896,900
label_1.jpg,1440,1080,G0,821,699,842,717
label_1.jpg,1440,1080,G0,821,729,843,749
label_1.jpg,1440,1080,G0,836,758,857,777
label_1.jpg,1440,1080,G0,857,802,877,823
label_1.jpg,1440,1080,G0,864,830,886,850
label_1.jpg,1440,1080,G0,882,842,895,868
label_1.jpg,1440,1080,G0,911,858,931,875
label_1.jpg,1440,1080,G0,919,824,940,845
label_1.jpg,1440,1080,G0,1083,623,1103,645
label_1.jpg,1440,1080,G0,1057,617,1076,634
label_1.jpg,1440,1080,G0,992,565,1007,588
label_1.jpg,1440,1080,G0,1093,583,1111,604
label_1.jpg,1440,1080,G0,1104,500,1121,523
label_1.jpg,1440,1080,G0,1053,474,1068,497
label_1.jpg,1440,1080,G0,1026,484,1040,509
label_1.jpg,1440,1080,G0,1049,434,1068,455
label_1.jpg,1440,1080,G0,1022,443,1038,468
label_1.jpg,1440,1080,G0,1000,445,1015,464
label_1.jpg,1440,1080,G0,971,429,986,450
label_1.jpg,1440,1080,G0,946,444,966,464
label_1.jpg,1440,1080,G0,1062,370,1080,391
label_1.jpg,1440,1080,G0,1044,329,1057,349
label_1.jpg,1440,1080,G0,1030,353,1046,373
label_1.jpg,1440,1080,G0,1043,393,1057,415
label_1.jpg,1440,1080,G0,1016,403,1034,427
label_1.jpg,1440,1080,G0,992,402,1009,423
label_1.jpg,1440,1080,G0,960,389,981,411
label_1.jpg,1440,1080,G0,921,366,941,387
label_1.jpg,1440,1080,G0,895,370,915,387
label_1.jpg,1440,1080,G0,939,404,958,425
label_1.jpg,1440,1080,G0,913,405,930,427
label_1.jpg,1440,1080,G0,921,318,941,337
label_1.jpg,1440,1080,G0,936,293,953,314
label_1.jpg,1440,1080,G0,1016,230,1034,248
label_2.jpg,1440,1080,G0,961,658,976,677
label_2.jpg,1440,1080,G0,944,696,961,713
label_2.jpg,1440,1080,G0,930,679,945,696
label_2.jpg,1440,1080,G0,921,656,931,671
label_2.jpg,1440,1080,G0,902,691,917,703
label_2.jpg,1440,1080,G0,902,650,913,665
label_2.jpg,1440,1080,G0,884,639,896,654
label_2.jpg,1440,1080,G0,851,879,867,892
label_2.jpg,1440,1080,G0,832,921,848,932
label_2.jpg,1440,1080,G0,844,852,865,868
label_2.jpg,1440,1080,G0,816,899,837,916
label_2.jpg,1440,1080,G0,796,940,815,951
label_2.jpg,1440,1080,G0,777,915,802,933
label_2.jpg,1440,1080,G0,758,956,777,966
label_2.jpg,1440,1080,G0,804,873,833,893
label_2.jpg,1440,1080,G0,833,738,848,755
label_2.jpg,1440,1080,G0,816,839,840,859
label_2.jpg,1440,1080,G0,800,819,823,839
label_2.jpg,1440,1080,G0,813,730,827,740
label_2.jpg,1440,1080,G0,757,836,790,861
label_2.jpg,1440,1080,G0,754,809,775,832
label_2.jpg,1440,1080,G0,775,750,797,767
label_2.jpg,1440,1080,G0,792,769,815,782
label_2.jpg,1440,1080,G0,794,797,816,815
label_2.jpg,1440,1080,G0,778,855,812,879
label_2.jpg,1440,1080,G0,772,889,799,908
label_2.jpg,1440,1080,G0,739,932,765,948
label_2.jpg,1440,1080,G0,718,963,737,978
label_2.jpg,1440,1080,G0,700,943,727,959
label_2.jpg,1440,1080,G0,678,974,697,986
label_2.jpg,1440,1080,G0,690,887,698,903
label_2.jpg,1440,1080,G0,715,823,749,847
label_2.jpg,1440,1080,G0,699,778,727,799
label_2.jpg,1440,1080,G0,715,797,753,816
label_2.jpg,1440,1080,G0,658,888,690,910
label_2.jpg,1440,1080,G0,658,948,685,964
label_2.jpg,1440,1080,G0,652,918,683,936
label_2.jpg,1440,1080,G0,648,864,670,883
label_2.jpg,1440,1080,G0,642,835,665,850
label_2.jpg,1440,1080,G0,697,165,721,177
label_2.jpg,1440,1080,G0,690,141,710,150
label_2.jpg,1440,1080,G0,689,258,717,275
label_2.jpg,1440,1080,G0,690,236,717,252
label_2.jpg,1440,1080,G0,658,782,688,796
label_2.jpg,1440,1080,G0,644,804,679,822
label_2.jpg,1440,1080,G0,693,186,721,205
label_2.jpg,1440,1080,G0,678,210,705,224
label_2.jpg,1440,1080,G0,658,156,684,174
label_2.jpg,1440,1080,G0,652,135,673,142
label_2.jpg,1440,1080,G0,616,153,645,169
label_2.jpg,1440,1080,G0,613,131,635,144
label_2.jpg,1440,1080,G0,570,133,594,147
label_2.jpg,1440,1080,G0,656,227,683,249
label_2.jpg,1440,1080,G0,567,842,584,863
label_2.jpg,1440,1080,G0,549,333,570,350
label_2.jpg,1440,1080,G0,491,914,513,931
label_2.jpg,1440,1080,G0,519,825,544,848
label_2.jpg,1440,1080,G0,545,740,567,757
label_2.jpg,1440,1080,G0,530,139,555,152
label_2.jpg,1440,1080,G0,535,246,562,265
label_2.jpg,1440,1080,G0,541,272,569,291
label_2.jpg,1440,1080,G0,528,762,550,782
label_2.jpg,1440,1080,G0,519,793,542,812
label_2.jpg,1440,1080,G0,498,845,524,870
label_2.jpg,1440,1080,G0,488,879,513,900
label_2.jpg,1440,1080,G0,465,940,480,951
label_2.jpg,1440,1080,G0,449,896,472,910
label_2.jpg,1440,1080,G0,534,315,547,324
label_2.jpg,1440,1080,G0,520,359,534,371
label_2.jpg,1440,1080,G0,522,218,551,243
label_2.jpg,1440,1080,G0,507,295,524,309
label_2.jpg,1440,1080,G0,486,676,506,698
label_2.jpg,1440,1080,G0,475,323,483,335
label_2.jpg,1440,1080,G0,470,365,490,386
label_2.jpg,1440,1080,G0,452,463,464,484
label_2.jpg,1440,1080,G0,448,595,472,619
label_2.jpg,1440,1080,G0,444,505,456,527
label_2.jpg,1440,1080,G0,469,289,477,303
label_2.jpg,1440,1080,G0,444,397,463,422
label_2.jpg,1440,1080,G0,428,441,443,462
label_2.jpg,1440,1080,G0,491,149,514,164
label_2.jpg,1440,1080,G0,356,260,380,291
label_2.jpg,1440,1080,G0,501,334,518,351
label_2.jpg,1440,1080,G0,513,713,533,730
label_2.jpg,1440,1080,G0,494,733,514,755
label_2.jpg,1440,1080,G0,482,803,510,825
label_2.jpg,1440,1080,G0,482,761,508,786
label_2.jpg,1440,1080,G0,466,422,485,443
label_2.jpg,1440,1080,G0,465,698,484,719
label_2.jpg,1440,1080,G0,463,826,489,847
label_2.jpg,1440,1080,G0,450,855,474,874
label_2.jpg,1440,1080,G0,453,729,474,752
label_2.jpg,1440,1080,G0,450,777,473,796
label_2.jpg,1440,1080,G0,445,667,460,681
label_2.jpg,1440,1080,G0,425,695,448,715
label_2.jpg,1440,1080,G0,420,742,442,762
label_2.jpg,1440,1080,G0,427,797,449,817
label_2.jpg,1440,1080,G0,424,919,438,926
label_2.jpg,1440,1080,G0,413,867,433,884
label_2.jpg,1440,1080,G0,413,827,433,846
label_2.jpg,1440,1080,G0,386,890,406,903
label_2.jpg,1440,1080,G0,396,760,417,782
label_2.jpg,1440,1080,G0,417,483,431,504
label_2.jpg,1440,1080,G0,393,604,414,628
label_2.jpg,1440,1080,G0,395,701,416,723
label_2.jpg,1440,1080,G0,380,788,402,813
label_2.jpg,1440,1080,G0,375,835,397,853
label_2.jpg,1440,1080,G0,349,852,367,871
label_2.jpg,1440,1080,G0,439,351,457,376
label_2.jpg,1440,1080,G0,417,386,437,410
label_2.jpg,1440,1080,G0,398,427,416,450
label_2.jpg,1440,1080,G0,387,472,402,495
label_2.jpg,1440,1080,G0,382,515,396,537
label_2.jpg,1440,1080,G0,369,721,391,741
label_2.jpg,1440,1080,G0,351,752,373,773
label_2.jpg,1440,1080,G0,344,798,367,818
label_2.jpg,1440,1080,G0,404,347,427,372
label_2.jpg,1440,1080,G0,381,385,405,410
label_2.jpg,1440,1080,G0,363,426,383,450
label_2.jpg,1440,1080,G0,356,474,370,495
label_2.jpg,1440,1080,G0,385,320,409,347
label_2.jpg,1440,1080,G0,362,359,384,383
label_2.jpg,1440,1080,G0,360,302,384,329
label_2.jpg,1440,1080,G0,253,523,274,546
label_2.jpg,1440,1080,G0,321,489,340,512
label_2.jpg,1440,1080,G0,328,445,347,468
label_2.jpg,1440,1080,G0,316,383,334,408
label_2.jpg,1440,1080,G0,298,614,318,638
label_2.jpg,1440,1080,G0,289,575,305,590
label_2.jpg,1440,1080,G0,301,426,320,451
label_2.jpg,1440,1080,G0,289,475,308,499
label_2.jpg,1440,1080,G0,287,523,305,546
label_2.jpg,1440,1080,G0,313,268,333,290
label_2.jpg,1440,1080,G0,303,336,325,360
label_2.jpg,1440,1080,G0,325,291,350,322
label_2.jpg,1440,1080,G0,336,343,358,367
label_2.jpg,1440,1080,G0,344,399,360,423
label_2.jpg,1440,1080,G0,352,521,365,543
label_2.jpg,1440,1080,G0,351,682,369,698
label_2.jpg,1440,1080,G0,317,816,337,834
label_2.jpg,1440,1080,G0,329,707,350,735
label_2.jpg,1440,1080,G0,316,758,340,778
label_2.jpg,1440,1080,G0,320,537,337,556
label_2.jpg,1440,1080,G0,294,712,316,735
label_2.jpg,1440,1080,G0,290,775,309,793
label_2.jpg,1440,1080,G0,274,668,292,687
label_2.jpg,1440,1080,G0,265,729,288,750
label_2.jpg,1440,1080,G0,266,620,282,643
label_2.jpg,1440,1080,G0,254,571,276,593
label_2.jpg,1440,1080,G0,246,682,266,704
label_2.jpg,1440,1080,G0,232,634,256,657
label_2.jpg,1440,1080,G0,283,381,302,400
label_2.jpg,1440,1080,G0,286,307,306,329
label_2.jpg,1440,1080,G0,268,425,289,448
label_2.jpg,1440,1080,G0,258,472,275,495
label_2.jpg,1440,1080,G0,224,585,246,607
label_2.jpg,1440,1080,G0,264,348,280,368
label_2.jpg,1440,1080,G0,247,392,265,414
label_2.jpg,1440,1080,G0,232,438,251,462
label_2.jpg,1440,1080,G0,225,486,243,511
label_2.jpg,1440,1080,G0,224,532,240,553
label_2.jpg,1440,1080,G0,342,232,369,247
label_2.jpg,1440,1080,G0,390,236,419,254
label_2.jpg,1440,1080,G0,376,208,406,223
label_2.jpg,1440,1080,G0,412,175,431,199
label_2.jpg,1440,1080,G0,453,160,469,182
label_2.jpg,1440,1080,G0,465,186,481,205
label_2.jpg,1440,1080,G0,429,206,451,232
label_2.jpg,1440,1080,G0,394,273,419,291
label_2.jpg,1440,1080,G0,420,283,439,314
label_2.jpg,1440,1080,G0,425,242,442,264
label_2.jpg,1440,1080,G0,463,217,486,238
label_2.jpg,1440,1080,G0,500,169,519,191
label_2.jpg,1440,1080,G0,542,158,561,181
label_2.jpg,1440,1080,G0,583,156,607,173
label_2.jpg,1440,1080,G0,659,183,681,197
label_2.jpg,1440,1080,G0,618,181,640,197
label_2.jpg,1440,1080,G0,576,178,595,197
label_2.jpg,1440,1080,G0,543,191,563,204
label_2.jpg,1440,1080,G0,498,199,525,216
label_2.jpg,1440,1080,G0,492,241,514,261
label_2.jpg,1440,1080,G0,452,261,468,277
label_2.jpg,1440,1080,G0,435,312,459,332
label_2.jpg,1440,1080,G0,643,203,664,224
label_2.jpg,1440,1080,G0,604,207,629,224
label_2.jpg,1440,1080,G0,567,214,587,230
label_2.jpg,1440,1080,G0,618,233,640,251
label_2.jpg,1440,1080,G0,577,239,597,252
label_2.jpg,1440,1080,G0,658,257,680,275
label_2.jpg,1440,1080,G0,618,259,641,272
label_2.jpg,1440,1080,G0,579,264,604,279
label_2.jpg,1440,1080,G0,684,286,705,302
label_2.jpg,1440,1080,G0,644,282,668,298
label_2.jpg,1440,1080,G0,606,285,630,299
label_2.jpg,1440,1080,G0,569,294,592,311
label_2.jpg,1440,1080,G0,661,309,687,326
label_2.jpg,1440,1080,G0,621,307,647,322
label_2.jpg,1440,1080,G0,582,316,612,334
label_2.jpg,1440,1080,G0,488,386,513,403
label_2.jpg,1440,1080,G0,411,526,433,553
label_2.jpg,1440,1080,G0,379,564,403,587
label_2.jpg,1440,1080,G0,353,564,375,592
label_2.jpg,1440,1080,G0,317,579,345,610
label_2.jpg,1440,1080,G0,308,663,336,694
label_2.jpg,1440,1080,G0,329,631,357,651
label_2.jpg,1440,1080,G0,361,613,382,635
label_2.jpg,1440,1080,G0,374,658,397,681
label_2.jpg,1440,1080,G0,406,653,431,672
label_2.jpg,1440,1080,G0,411,566,436,595
label_2.jpg,1440,1080,G0,425,618,448,645
label_2.jpg,1440,1080,G0,440,548,464,572
label_2.jpg,1440,1080,G0,463,636,488,658
label_2.jpg,1440,1080,G0,582,759,604,775
label_2.jpg,1440,1080,G0,569,784,591,799
label_2.jpg,1440,1080,G0,558,808,581,828
label_2.jpg,1440,1080,G0,541,864,561,886
label_2.jpg,1440,1080,G0,533,895,554,920
label_2.jpg,1440,1080,G0,534,925,555,942
label_2.jpg,1440,1080,G0,507,952,527,979
label_2.jpg,1440,1080,G0,623,768,648,787
label_2.jpg,1440,1080,G0,606,794,628,819
label_2.jpg,1440,1080,G0,598,818,621,842
label_2.jpg,1440,1080,G0,603,853,625,875
label_2.jpg,1440,1080,G0,584,878,604,904
label_2.jpg,1440,1080,G0,626,883,647,909
label_2.jpg,1440,1080,G0,575,908,597,930
label_2.jpg,1440,1080,G0,617,914,638,941
label_2.jpg,1440,1080,G0,572,936,600,964
label_2.jpg,1440,1080,G0,546,965,569,983
label_2.jpg,1440,1080,G0,592,969,617,994
label_2.jpg,1440,1080,G0,636,973,658,1000
label_2.jpg,1440,1080,G0,685,804,708,827
label_2.jpg,1440,1080,G0,681,833,703,854
label_2.jpg,1440,1080,G0,689,858,708,882
label_2.jpg,1440,1080,G0,707,879,726,907
label_2.jpg,1440,1080,G0,697,909,720,933
label_2.jpg,1440,1080,G0,730,850,754,874
label_2.jpg,1440,1080,G0,739,903,759,921
label_2.jpg,1440,1080,G0,744,868,767,891
label_2.jpg,1440,1080,G0,742,764,761,786
label_2.jpg,1440,1080,G0,762,785,785,803
label_2.jpg,1440,1080,G0,823,766,843,785
label_2.jpg,1440,1080,G0,829,794,855,810
label_2.jpg,1440,1080,G0,861,892,889,911
label_2.jpg,1440,1080,G0,878,847,900,863
label_2.jpg,1440,1080,G0,846,814,875,832
label_2.jpg,1440,1080,G0,919,843,940,859
label_2.jpg,1440,1080,G0,905,819,927,836
label_2.jpg,1440,1080,G0,900,795,924,811
label_2.jpg,1440,1080,G0,877,786,897,803
label_2.jpg,1440,1080,G0,858,769,879,783
label_2.jpg,1440,1080,G0,854,744,876,759
label_2.jpg,1440,1080,G0,947,813,964,829
label_2.jpg,1440,1080,G0,931,792,947,808
label_2.jpg,1440,1080,G0,928,765,942,781
label_2.jpg,1440,1080,G0,904,758,924,775
label_2.jpg,1440,1080,G0,889,743,908,759
label_2.jpg,1440,1080,G0,855,712,875,730
label_2.jpg,1440,1080,G0,842,702,859,719
label_2.jpg,1440,1080,G0,966,776,980,793
label_2.jpg,1440,1080,G0,953,761,971,781
label_2.jpg,1440,1080,G0,877,713,900,739
label_2.jpg,1440,1080,G0,986,747,996,766
label_2.jpg,1440,1080,G0,970,729,984,749
label_2.jpg,1440,1080,G0,943,733,958,755
label_2.jpg,1440,1080,G0,927,727,941,746
label_2.jpg,1440,1080,G0,910,714,926,734
label_2.jpg,1440,1080,G0,878,684,896,697
label_2.jpg,1440,1080,G0,862,672,876,685
label_2.jpg,1440,1080,G0,961,698,977,719
label_2.jpg,1440,1080,G0,1001,717,1018,732
label_2.jpg,1440,1080,G0,989,693,1000,711
label_2.jpg,1440,1080,G0,942,642,955,661
label_2.jpg,1440,1080,G0,1014,681,1028,696
label_2.jpg,1440,1080,G0,999,660,1012,680
label_2.jpg,1440,1080,G0,978,663,989,685
label_2.jpg,1440,1080,G0,930,614,944,637
label_2.jpg,1440,1080,G0,909,612,925,627
label_2.jpg,1440,1080,G0,895,599,903,624
label_2.jpg,1440,1080,G0,1025,644,1038,666
label_2.jpg,1440,1080,G0,986,628,1001,652
label_2.jpg,1440,1080,G0,971,620,979,639
label_2.jpg,1440,1080,G0,951,606,965,627
label_2.jpg,1440,1080,G0,1031,610,1048,632
label_2.jpg,1440,1080,G0,1016,586,1027,611
label_2.jpg,1440,1080,G0,1036,572,1049,592
label_2.jpg,1440,1080,G0,995,592,1008,615
label_2.jpg,1440,1080,G0,975,587,986,607
label_2.jpg,1440,1080,G0,959,571,974,587
label_2.jpg,1440,1080,G0,933,579,947,596
label_2.jpg,1440,1080,G0,1008,624,1020,644
label_2.jpg,1440,1080,G0,915,576,924,591
label_2.jpg,1440,1080,G0,901,559,917,579
label_2.jpg,1440,1080,G0,1033,535,1048,556
label_2.jpg,1440,1080,G0,1016,551,1029,572
label_2.jpg,1440,1080,G0,996,555,1009,574
label_2.jpg,1440,1080,G0,978,552,992,568
label_2.jpg,1440,1080,G0,960,533,971,553
label_2.jpg,1440,1080,G0,938,540,955,561
label_2.jpg,1440,1080,G0,919,538,932,557
label_2.jpg,1440,1080,G0,898,524,918,539
label_2.jpg,1440,1080,G0,918,499,933,517
label_2.jpg,1440,1080,G0,937,502,956,523
label_2.jpg,1440,1080,G0,955,494,971,513
label_2.jpg,1440,1080,G0,976,515,996,536
label_2.jpg,1440,1080,G0,999,520,1015,539
label_2.jpg,1440,1080,G0,1016,515,1031,532
label_2.jpg,1440,1080,G0,1031,496,1049,517
label_2.jpg,1440,1080,G0,1025,461,1044,483
label_2.jpg,1440,1080,G0,1020,426,1035,443
label_2.jpg,1440,1080,G0,1004,391,1021,412
label_2.jpg,1440,1080,G0,1003,441,1022,463
label_2.jpg,1440,1080,G0,1013,477,1026,498
label_2.jpg,1440,1080,G0,994,483,1007,502
label_2.jpg,1440,1080,G0,972,475,990,497
label_2.jpg,1440,1080,G0,897,489,910,507
label_2.jpg,1440,1080,G0,908,464,926,485
label_2.jpg,1440,1080,G0,931,466,948,484
label_2.jpg,1440,1080,G0,949,456,967,480
label_2.jpg,1440,1080,G0,965,442,980,462
label_2.jpg,1440,1080,G0,984,446,999,469
label_2.jpg,1440,1080,G0,992,407,1008,425
label_2.jpg,1440,1080,G0,973,413,989,434
label_2.jpg,1440,1080,G0,916,429,936,449
label_2.jpg,1440,1080,G0,936,422,953,446
label_2.jpg,1440,1080,G0,948,405,966,424
label_2.jpg,1440,1080,G0,888,454,903,470
label_2.jpg,1440,1080,G0,894,429,913,446
label_2.jpg,1440,1080,G0,863,421,880,439
label_2.jpg,1440,1080,G0,901,398,913,418
label_2.jpg,1440,1080,G0,920,389,932,408
label_2.jpg,1440,1080,G0,961,380,974,397
label_2.jpg,1440,1080,G0,980,371,992,389
label_2.jpg,1440,1080,G0,936,372,950,390
label_2.jpg,1440,1080,G0,961,340,976,358
label_2.jpg,1440,1080,G0,941,343,957,361
label_2.jpg,1440,1080,G0,877,397,893,413
label_2.jpg,1440,1080,G0,834,396,845,412
label_2.jpg,1440,1080,G0,803,369,820,380
label_2.jpg,1440,1080,G0,776,347,789,357
label_2.jpg,1440,1080,G0,740,325,759,333
label_2.jpg,1440,1080,G0,725,297,743,306
label_2.jpg,1440,1080,G0,846,386,864,405
label_2.jpg,1440,1080,G0,853,366,876,383
label_2.jpg,1440,1080,G0,825,355,839,369
label_2.jpg,1440,1080,G0,796,331,810,344
label_2.jpg,1440,1080,G0,762,310,774,324
label_2.jpg,1440,1080,G0,883,366,899,382
label_2.jpg,1440,1080,G0,861,337,876,354
label_2.jpg,1440,1080,G0,835,335,850,346
label_2.jpg,1440,1080,G0,802,310,819,321
label_2.jpg,1440,1080,G0,736,273,753,286
label_2.jpg,1440,1080,G0,941,306,957,327
label_2.jpg,1440,1080,G0,915,275,932,292
label_2.jpg,1440,1080,G0,766,161,787,171
label_2.jpg,1440,1080,G0,727,148,749,164
label_2.jpg,1440,1080,G0,801,179,820,189
label_2.jpg,1440,1080,G0,834,199,851,217
label_2.jpg,1440,1080,G0,865,224,881,243
label_2.jpg,1440,1080,G0,889,251,905,269
label_2.jpg,1440,1080,G0,734,174,761,198
label_2.jpg,1440,1080,G0,722,219,739,235
label_2.jpg,1440,1080,G0,774,190,802,201
label_2.jpg,1440,1080,G0,769,213,789,231
label_2.jpg,1440,1080,G0,758,233,775,254
label_2.jpg,1440,1080,G0,735,249,753,267
label_2.jpg,1440,1080,G0,810,212,831,228
label_2.jpg,1440,1080,G0,805,236,823,256
label_2.jpg,1440,1080,G0,793,252,810,270
label_2.jpg,1440,1080,G0,840,231,855,253
label_2.jpg,1440,1080,G0,832,257,853,274
label_2.jpg,1440,1080,G0,894,282,909,300
label_2.jpg,1440,1080,G0,922,312,933,336
label_2.jpg,1440,1080,G0,871,257,881,279
label_2.jpg,1440,1080,G0,916,334,928,361
label_2.jpg,1440,1080,G0,893,308,905,332
label_2.jpg,1440,1080,G0,826,275,843,299
label_2.jpg,1440,1080,G0,805,285,818,309
label_2.jpg,1440,1080,G0,771,269,789,291
label_2.jpg,1440,1080,G0,767,289,783,309
label_2.jpg,1440,1080,G0,866,280,879,305
label_2.jpg,1440,1080,G0,831,307,846,324
label_2.jpg,1440,1080,G0,879,325,889,346
label_2.jpg,1440,1080,G0,902,351,913,375
label_2.jpg,1440,1080,G0,852,297,865,319
label_2.jpg,1440,1080,G0,503,269,526,284
label_3.jpg,1440,1080,G0,423,707,434,718
label_3.jpg,1440,1080,G0,449,695,459,702
label_3.jpg,1440,1080,G0,1089,540,1096,557
label_3.jpg,1440,1080,G0,1082,579,1092,597
label_3.jpg,1440,1080,G0,1067,622,1084,639
label_3.jpg,1440,1080,G0,1055,563,1079,584
label_3.jpg,1440,1080,G0,1045,605,1068,624
label_3.jpg,1440,1080,G0,1031,643,1051,666
label_3.jpg,1440,1080,G0,987,721,1003,736
label_3.jpg,1440,1080,G0,974,692,991,707
label_3.jpg,1440,1080,G0,970,659,985,674
label_3.jpg,1440,1080,G0,956,800,973,817
label_3.jpg,1440,1080,G0,945,649,959,660
label_3.jpg,1440,1080,G0,936,783,955,802
label_3.jpg,1440,1080,G0,924,828,941,848
label_3.jpg,1440,1080,G0,921,759,942,779
label_3.jpg,1440,1080,G0,903,808,920,829
label_3.jpg,1440,1080,G0,925,622,945,638
label_3.jpg,1440,1080,G0,904,655,923,674
label_3.jpg,1440,1080,G0,890,787,906,805
label_3.jpg,1440,1080,G0,886,755,909,774
label_3.jpg,1440,1080,G0,882,687,897,705
label_3.jpg,1440,1080,G0,864,737,886,760
label_3.jpg,1440,1080,G0,858,810,876,829
label_3.jpg,1440,1080,G0,857,781,872,800
label_3.jpg,1440,1080,G0,818,833,837,850
label_3.jpg,1440,1080,G0,823,810,838,824
label_3.jpg,1440,1080,G0,1075,371,1088,386
label_3.jpg,1440,1080,G0,1009,453,1030,474
label_3.jpg,1440,1080,G0,1058,333,1075,351
label_3.jpg,1440,1080,G0,1039,358,1057,371
label_3.jpg,1440,1080,G0,1038,296,1054,313
label_3.jpg,1440,1080,G0,1000,282,1019,302
label_3.jpg,1440,1080,G0,993,231,1004,244
label_3.jpg,1440,1080,G0,977,297,997,316
label_3.jpg,1440,1080,G0,1015,260,1032,278
label_3.jpg,1440,1080,G0,1019,318,1040,337
label_3.jpg,1440,1080,G0,1014,371,1036,392
label_3.jpg,1440,1080,G0,993,375,1009,393
label_3.jpg,1440,1080,G0,977,334,989,354
label_3.jpg,1440,1080,G0,973,253,983,260
label_3.jpg,1440,1080,G0,961,366,972,379
label_3.jpg,1440,1080,G0,949,299,963,319
label_3.jpg,1440,1080,G0,951,266,972,282
label_3.jpg,1440,1080,G0,944,222,963,239
label_3.jpg,1440,1080,G0,914,386,925,404
label_3.jpg,1440,1080,G0,928,427,945,445
label_3.jpg,1440,1080,G0,928,466,953,486
label_3.jpg,1440,1080,G0,906,460,928,479
label_3.jpg,1440,1080,G0,936,381,952,399
label_3.jpg,1440,1080,G0,980,523,998,546
label_3.jpg,1440,1080,G0,892,622,915,643
label_3.jpg,1440,1080,G0,922,271,941,287
label_3.jpg,1440,1080,G0,922,237,941,255
label_3.jpg,1440,1080,G0,909,294,928,310
label_3.jpg,1440,1080,G0,912,196,929,209
label_3.jpg,1440,1080,G0,891,211,908,228
label_3.jpg,1440,1080,G0,891,243,909,259
label_3.jpg,1440,1080,G0,891,313,906,324
label_3.jpg,1440,1080,G0,890,351,906,369
label_3.jpg,1440,1080,G0,894,416,910,438
label_3.jpg,1440,1080,G0,898,538,921,559
label_3.jpg,1440,1080,G0,892,578,908,590
label_3.jpg,1440,1080,G0,871,655,892,677
label_3.jpg,1440,1080,G0,849,717,871,739
label_3.jpg,1440,1080,G0,830,764,851,786
label_3.jpg,1440,1080,G0,841,689,861,709
label_3.jpg,1440,1080,G0,878,383,892,399
label_3.jpg,1440,1080,G0,880,268,899,287
label_3.jpg,1440,1080,G0,865,323,881,334
label_3.jpg,1440,1080,G0,866,613,889,634
label_3.jpg,1440,1080,G0,861,287,880,300
label_3.jpg,1440,1080,G0,880,174,896,182
label_3.jpg,1440,1080,G0,842,147,859,165
label_3.jpg,1440,1080,G0,826,262,848,277
label_3.jpg,1440,1080,G0,858,189,875,203
label_3.jpg,1440,1080,G0,859,220,875,233
label_3.jpg,1440,1080,G0,847,244,866,260
label_3.jpg,1440,1080,G0,843,648,867,667
label_3.jpg,1440,1080,G0,833,297,851,315
label_3.jpg,1440,1080,G0,827,323,844,339
label_3.jpg,1440,1080,G0,816,679,838,699
label_3.jpg,1440,1080,G0,816,743,837,763
label_3.jpg,1440,1080,G0,812,716,833,736
label_3.jpg,1440,1080,G0,822,197,839,213
label_3.jpg,1440,1080,G0,820,169,839,187
label_3.jpg,1440,1080,G0,810,224,830,238
label_3.jpg,1440,1080,G0,806,139,821,149
label_3.jpg,1440,1080,G0,793,242,815,261
label_3.jpg,1440,1080,G0,800,273,818,287
label_3.jpg,1440,1080,G0,794,301,811,311
label_3.jpg,1440,1080,G0,797,785,815,806
label_3.jpg,1440,1080,G0,788,822,806,841
label_3.jpg,1440,1080,G0,785,760,802,783
label_3.jpg,1440,1080,G0,785,704,806,723
label_3.jpg,1440,1080,G0,777,738,798,759
label_3.jpg,1440,1080,G0,760,805,775,821
label_3.jpg,1440,1080,G0,776,319,794,331
label_3.jpg,1440,1080,G0,763,256,779,271
label_3.jpg,1440,1080,G0,758,282,775,294
label_3.jpg,1440,1080,G0,782,158,800,167
label_3.jpg,1440,1080,G0,782,185,801,195
label_3.jpg,1440,1080,G0,775,208,793,221
label_3.jpg,1440,1080,G0,764,120,781,139
label_3.jpg,1440,1080,G0,753,228,773,243
label_3.jpg,1440,1080,G0,736,139,762,159
label_3.jpg,1440,1080,G0,748,724,770,742
label_3.jpg,1440,1080,G0,746,782,763,799
label_3.jpg,1440,1080,G0,737,756,760,773
label_3.jpg,1440,1080,G0,732,194,753,208
label_3.jpg,1440,1080,G0,724,245,739,259
label_3.jpg,1440,1080,G0,715,738,731,751
label_3.jpg,1440,1080,G0,631,746,648,757
label_3.jpg,1440,1080,G0,577,870,593,876
label_3.jpg,1440,1080,G0,578,840,603,853
label_3.jpg,1440,1080,G0,589,734,609,750
label_3.jpg,1440,1080,G0,601,249,613,259
label_3.jpg,1440,1080,G0,594,272,613,284
label_3.jpg,1440,1080,G0,592,223,609,234
label_3.jpg,1440,1080,G0,581,301,602,318
label_3.jpg,1440,1080,G0,579,756,605,776
label_3.jpg,1440,1080,G0,573,205,592,215
label_3.jpg,1440,1080,G0,561,258,583,272
label_3.jpg,1440,1080,G0,543,739,566,759
label_3.jpg,1440,1080,G0,554,235,572,248
label_3.jpg,1440,1080,G0,555,283,580,300
label_3.jpg,1440,1080,G0,553,717,576,735
label_3.jpg,1440,1080,G0,577,783,605,801
label_3.jpg,1440,1080,G0,542,826,561,841
label_3.jpg,1440,1080,G0,540,851,560,865
label_3.jpg,1440,1080,G0,553,803,577,820
label_3.jpg,1440,1080,G0,539,767,567,786
label_3.jpg,1440,1080,G0,519,695,541,714
label_3.jpg,1440,1080,G0,508,716,532,736
label_3.jpg,1440,1080,G0,518,787,542,803
label_3.jpg,1440,1080,G0,510,868,528,880
label_3.jpg,1440,1080,G0,503,808,526,824
label_3.jpg,1440,1080,G0,497,834,520,850
label_3.jpg,1440,1080,G0,506,749,529,767
label_3.jpg,1440,1080,G0,544,318,566,334
label_3.jpg,1440,1080,G0,483,764,507,780
label_3.jpg,1440,1080,G0,471,848,491,862
label_3.jpg,1440,1080,G0,469,784,488,799
label_3.jpg,1440,1080,G0,465,814,485,827
label_3.jpg,1440,1080,G0,456,867,472,879
label_3.jpg,1440,1080,G0,438,825,456,839
label_3.jpg,1440,1080,G0,475,723,495,742
label_3.jpg,1440,1080,G0,491,669,511,687
label_3.jpg,1440,1080,G0,522,301,546,320
label_3.jpg,1440,1080,G0,525,275,545,292
label_3.jpg,1440,1080,G0,537,218,552,227
label_3.jpg,1440,1080,G0,516,251,537,266
label_3.jpg,1440,1080,G0,507,203,516,216
label_3.jpg,1440,1080,G0,449,600,465,618
label_3.jpg,1440,1080,G0,432,479,453,499
label_3.jpg,1440,1080,G0,412,466,432,487
label_3.jpg,1440,1080,G0,465,199,481,211
label_3.jpg,1440,1080,G0,470,222,491,235
label_3.jpg,1440,1080,G0,464,255,486,271
label_3.jpg,1440,1080,G0,450,298,474,319
label_3.jpg,1440,1080,G0,462,322,487,336
label_3.jpg,1440,1080,G0,459,359,484,377
label_3.jpg,1440,1080,G0,434,354,457,372
label_3.jpg,1440,1080,G0,382,303,399,322
label_3.jpg,1440,1080,G0,378,276,392,289
label_3.jpg,1440,1080,G0,385,228,401,245
label_3.jpg,1440,1080,G0,357,340,375,359
label_3.jpg,1440,1080,G0,363,260,376,272
label_3.jpg,1440,1080,G0,328,287,349,308
label_3.jpg,1440,1080,G0,329,344,346,362
label_3.jpg,1440,1080,G0,312,380,328,402
label_3.jpg,1440,1080,G0,313,328,330,342
label_3.jpg,1440,1080,G0,418,206,433,216
label_3.jpg,1440,1080,G0,431,221,450,238
label_3.jpg,1440,1080,G0,437,247,459,264
label_3.jpg,1440,1080,G0,423,327,443,348
label_3.jpg,1440,1080,G0,385,465,408,485
label_3.jpg,1440,1080,G0,361,475,377,494
label_3.jpg,1440,1080,G0,384,396,401,415
label_3.jpg,1440,1080,G0,293,459,304,480
label_3.jpg,1440,1080,G0,496,231,520,250
label_3.jpg,1440,1080,G0,491,294,516,314
label_3.jpg,1440,1080,G0,481,274,505,292
label_3.jpg,1440,1080,G0,484,371,503,389
label_3.jpg,1440,1080,G0,477,694,500,710
label_3.jpg,1440,1080,G0,458,403,480,422
label_3.jpg,1440,1080,G0,466,637,486,655
label_3.jpg,1440,1080,G0,452,662,472,678
label_3.jpg,1440,1080,G0,452,738,474,755
label_3.jpg,1440,1080,G0,438,757,457,774
label_3.jpg,1440,1080,G0,450,707,468,713
label_3.jpg,1440,1080,G0,431,787,450,802
label_3.jpg,1440,1080,G0,432,717,446,726
label_3.jpg,1440,1080,G0,407,798,427,815
label_3.jpg,1440,1080,G0,393,819,405,828
label_3.jpg,1440,1080,G0,412,730,430,746
label_3.jpg,1440,1080,G0,402,759,422,775
label_3.jpg,1440,1080,G0,430,627,449,643
label_3.jpg,1440,1080,G0,423,661,440,679
label_3.jpg,1440,1080,G0,401,673,422,691
label_3.jpg,1440,1080,G0,436,559,453,579
label_3.jpg,1440,1080,G0,419,585,433,604
label_3.jpg,1440,1080,G0,405,627,423,645
label_3.jpg,1440,1080,G0,385,696,403,711
label_3.jpg,1440,1080,G0,377,767,397,785
label_3.jpg,1440,1080,G0,363,785,377,799
label_3.jpg,1440,1080,G0,377,726,389,742
label_3.jpg,1440,1080,G0,352,735,373,752
label_3.jpg,1440,1080,G0,381,636,402,655
label_3.jpg,1440,1080,G0,391,585,411,604
label_3.jpg,1440,1080,G0,364,656,384,675
label_3.jpg,1440,1080,G0,354,691,371,708
label_3.jpg,1440,1080,G0,370,596,387,617
label_3.jpg,1440,1080,G0,348,619,366,635
label_3.jpg,1440,1080,G0,337,654,355,672
label_3.jpg,1440,1080,G0,338,754,348,767
label_3.jpg,1440,1080,G0,332,702,348,718
label_3.jpg,1440,1080,G0,316,719,329,735
label_3.jpg,1440,1080,G0,324,615,345,635
label_3.jpg,1440,1080,G0,315,665,331,682
label_3.jpg,1440,1080,G0,297,681,311,697
label_3.jpg,1440,1080,G0,342,455,360,481
label_3.jpg,1440,1080,G0,302,624,318,643
label_3.jpg,1440,1080,G0,293,582,310,603
label_3.jpg,1440,1080,G0,285,641,295,655
label_3.jpg,1440,1080,G0,268,561,281,579
label_3.jpg,1440,1080,G0,268,482,281,499
label_3.jpg,1440,1080,G0,283,401,299,420
label_3.jpg,1440,1080,G0,273,441,286,458
label_3.jpg,1440,1080,G0,274,602,289,619
label_3.jpg,1440,1080,G0,266,520,279,538
label_3.jpg,1440,1080,G0,297,361,311,383
label_3.jpg,1440,1080,G0,343,373,360,399
label_3.jpg,1440,1080,G0,367,377,379,402
label_3.jpg,1440,1080,G0,385,343,401,370
label_3.jpg,1440,1080,G0,304,420,318,442
label_3.jpg,1440,1080,G0,327,412,344,434
label_3.jpg,1440,1080,G0,350,417,369,442
label_3.jpg,1440,1080,G0,371,434,392,457
label_3.jpg,1440,1080,G0,403,421,418,441
label_3.jpg,1440,1080,G0,426,426,442,447
label_3.jpg,1440,1080,G0,448,438,459,464
label_3.jpg,1440,1080,G0,290,500,301,522
label_3.jpg,1440,1080,G0,313,493,325,513
label_3.jpg,1440,1080,G0,337,496,352,517
label_3.jpg,1440,1080,G0,319,451,328,473
label_3.jpg,1440,1080,G0,289,542,304,563
label_3.jpg,1440,1080,G0,315,535,328,556
label_3.jpg,1440,1080,G0,318,577,333,595
label_3.jpg,1440,1080,G0,339,540,350,558
label_3.jpg,1440,1080,G0,344,581,356,600
label_3.jpg,1440,1080,G0,361,512,376,536
label_3.jpg,1440,1080,G0,365,557,377,575
label_3.jpg,1440,1080,G0,388,505,399,524
label_3.jpg,1440,1080,G0,388,545,402,566
label_3.jpg,1440,1080,G0,411,506,425,527
label_3.jpg,1440,1080,G0,413,546,428,567
label_3.jpg,1440,1080,G0,438,520,450,540
label_3.jpg,1440,1080,G0,490,884,514,898
label_3.jpg,1440,1080,G0,528,898,549,919
label_3.jpg,1440,1080,G0,544,880,565,898
label_3.jpg,1440,1080,G0,568,912,588,927
label_3.jpg,1440,1080,G0,588,892,606,910
label_3.jpg,1440,1080,G0,619,766,640,785
label_3.jpg,1440,1080,G0,619,790,639,811
label_3.jpg,1440,1080,G0,594,810,611,831
label_3.jpg,1440,1080,G0,620,839,638,865
label_3.jpg,1440,1080,G0,615,869,635,889
label_3.jpg,1440,1080,G0,628,897,648,922
label_3.jpg,1440,1080,G0,609,917,628,935
label_3.jpg,1440,1080,G0,671,744,690,763
label_3.jpg,1440,1080,G0,659,765,682,786
label_3.jpg,1440,1080,G0,661,795,683,813
label_3.jpg,1440,1080,G0,633,818,652,837
label_3.jpg,1440,1080,G0,659,846,678,866
label_3.jpg,1440,1080,G0,677,820,697,840
label_3.jpg,1440,1080,G0,657,873,677,889
label_3.jpg,1440,1080,G0,668,898,691,919
label_3.jpg,1440,1080,G0,650,924,672,942
label_3.jpg,1440,1080,G0,689,924,714,942
label_3.jpg,1440,1080,G0,701,764,723,784
label_3.jpg,1440,1080,G0,700,790,722,809
label_3.jpg,1440,1080,G0,717,816,737,831
label_3.jpg,1440,1080,G0,699,841,722,865
label_3.jpg,1440,1080,G0,700,872,721,892
label_3.jpg,1440,1080,G0,713,895,733,914
label_3.jpg,1440,1080,G0,734,915,754,938
label_3.jpg,1440,1080,G0,743,834,766,854
label_3.jpg,1440,1080,G0,739,863,761,885
label_3.jpg,1440,1080,G0,756,891,773,909
label_3.jpg,1440,1080,G0,775,909,796,928
label_3.jpg,1440,1080,G0,780,846,804,866
label_3.jpg,1440,1080,G0,792,876,814,896
label_3.jpg,1440,1080,G0,816,895,839,913
label_3.jpg,1440,1080,G0,826,857,849,875
label_3.jpg,1440,1080,G0,854,874,878,896
label_3.jpg,1440,1080,G0,867,837,884,857
label_3.jpg,1440,1080,G0,889,852,912,871
label_3.jpg,1440,1080,G0,981,767,1001,789
label_3.jpg,1440,1080,G0,964,749,987,768
label_3.jpg,1440,1080,G0,948,730,970,745
label_3.jpg,1440,1080,G0,919,726,932,749
label_3.jpg,1440,1080,G0,896,712,910,730
label_3.jpg,1440,1080,G0,944,691,961,709
label_3.jpg,1440,1080,G0,920,678,937,699
label_3.jpg,1440,1080,G0,1011,735,1028,752
label_3.jpg,1440,1080,G0,1034,699,1049,719
label_3.jpg,1440,1080,G0,1013,685,1027,702
label_3.jpg,1440,1080,G0,996,656,1011,675
label_3.jpg,1440,1080,G0,1054,658,1070,681
label_3.jpg,1440,1080,G0,1011,616,1033,632
label_3.jpg,1440,1080,G0,978,614,1000,638
label_3.jpg,1440,1080,G0,956,602,977,622
label_3.jpg,1440,1080,G0,937,581,957,600
label_3.jpg,1440,1080,G0,911,586,928,600
label_3.jpg,1440,1080,G0,923,543,943,565
label_3.jpg,1440,1080,G0,951,539,970,562
label_3.jpg,1440,1080,G0,972,563,988,586
label_3.jpg,1440,1080,G0,997,575,1014,597
label_3.jpg,1440,1080,G0,1022,576,1042,599
label_3.jpg,1440,1080,G0,1030,535,1048,556
label_3.jpg,1440,1080,G0,1005,534,1022,558
label_3.jpg,1440,1080,G0,999,335,1017,353
label_3.jpg,1440,1080,G0,1053,397,1067,418
label_3.jpg,1440,1080,G0,1025,410,1044,429
label_3.jpg,1440,1080,G0,1003,414,1017,430
label_3.jpg,1440,1080,G0,935,328,957,347
label_3.jpg,1440,1080,G0,917,348,934,366
label_3.jpg,1440,1080,G0,857,351,876,366
label_3.jpg,1440,1080,G0,972,403,989,422
label_3.jpg,1440,1080,G0,950,422,965,441
label_3.jpg,1440,1080,G0,979,442,999,464
label_3.jpg,1440,1080,G0,956,458,974,483
label_3.jpg,1440,1080,G0,1058,435,1076,460
label_3.jpg,1440,1080,G0,1033,451,1051,474
label_3.jpg,1440,1080,G0,905,495,922,520
label_3.jpg,1440,1080,G0,930,505,948,528
label_3.jpg,1440,1080,G0,956,500,973,520
label_3.jpg,1440,1080,G0,983,483,1002,504
label_3.jpg,1440,1080,G0,1008,491,1028,517
label_3.jpg,1440,1080,G0,1039,492,1055,514
label_3.jpg,1440,1080,G0,1063,478,1077,501
label_3.jpg,1440,1080,G0,1062,522,1077,544
label_3.jpg,1440,1080,G0,1089,411,1099,430
label_3.jpg,1440,1080,G0,1087,453,1106,474
label_3.jpg,1440,1080,G0,1087,495,1108,520
label_3.jpg,1440,1080,G0,744,169,763,186
label_3.jpg,1440,1080,G0,711,216,732,231
label_3.jpg,1440,1080,G0,715,267,737,281
label_3.jpg,1440,1080,G0,738,300,756,312
label_3.jpg,1440,1080,G0,697,290,722,306
label_3.jpg,1440,1080,G0,660,287,681,302
label_3.jpg,1440,1080,G0,619,290,640,303
label_3.jpg,1440,1080,G0,717,117,739,129
label_3.jpg,1440,1080,G0,680,112,700,127
label_3.jpg,1440,1080,G0,638,114,662,125
label_3.jpg,1440,1080,G0,600,116,622,130
label_3.jpg,1440,1080,G0,556,127,582,139
label_3.jpg,1440,1080,G0,519,141,543,156
label_3.jpg,1440,1080,G0,483,158,508,175
label_3.jpg,1440,1080,G0,447,177,470,192
label_3.jpg,1440,1080,G0,699,139,718,155
label_3.jpg,1440,1080,G0,656,136,676,150
label_3.jpg,1440,1080,G0,614,141,635,154
label_3.jpg,1440,1080,G0,575,150,598,162
label_3.jpg,1440,1080,G0,534,163,559,175
label_3.jpg,1440,1080,G0,497,180,522,190
label_3.jpg,1440,1080,G0,700,163,725,178
label_3.jpg,1440,1080,G0,660,161,683,177
label_3.jpg,1440,1080,G0,614,161,642,178
label_3.jpg,1440,1080,G0,578,172,601,185
label_3.jpg,1440,1080,G0,539,186,564,198
label_3.jpg,1440,1080,G0,611,191,633,205
label_3.jpg,1440,1080,G0,651,189,670,203
label_3.jpg,1440,1080,G0,692,189,715,207
label_3.jpg,1440,1080,G0,669,209,691,229
label_3.jpg,1440,1080,G0,633,212,652,228
label_3.jpg,1440,1080,G0,638,239,658,256
label_3.jpg,1440,1080,G0,679,238,699,257
label_3.jpg,1440,1080,G0,675,261,694,281
label_3.jpg,1440,1080,G0,634,264,656,279
label_3.jpg,1440,1080,G0,407,275,431,289
label_3.jpg,1440,1080,G0,403,249,422,267
label_3.jpg,1440,1080,G0,350,309,370,329
label_3.jpg,1440,1080,G0,409,311,421,333
label_3.jpg,1440,1080,G0,435,280,447,302
label_3.jpg,1440,1080,G0,491,324,508,343
label_3.jpg,1440,1080,G0,511,341,532,359
label_3.jpg,1440,1080,G0,439,389,458,408
label_3.jpg,1440,1080,G0,415,384,429,409
label_3.jpg,1440,1080,G0,403,357,415,384
label_4.jpg,1440,1080,G0,516,740,537,758
label_4.jpg,1440,1080,G0,1080,545,1096,566
label_4.jpg,1440,1080,G0,1071,585,1081,600
label_4.jpg,1440,1080,G0,1025,460,1041,485
label_4.jpg,1440,1080,G0,1004,462,1022,482
label_4.jpg,1440,1080,G0,1034,370,1046,383
label_4.jpg,1440,1080,G0,1009,383,1029,401
label_4.jpg,1440,1080,G0,1032,312,1046,325
label_4.jpg,1440,1080,G0,1051,346,1066,363
label_4.jpg,1440,1080,G0,1066,384,1078,398
label_4.jpg,1440,1080,G0,1058,623,1073,640
label_4.jpg,1440,1080,G0,1050,527,1072,548
label_4.jpg,1440,1080,G0,1046,567,1065,586
label_4.jpg,1440,1080,G0,1037,608,1056,628
label_4.jpg,1440,1080,G0,1022,644,1041,662
label_4.jpg,1440,1080,G0,1002,617,1025,636
label_4.jpg,1440,1080,G0,976,618,1001,637
label_4.jpg,1440,1080,G0,951,796,965,808
label_4.jpg,1440,1080,G0,1024,539,1048,559
label_4.jpg,1440,1080,G0,999,542,1022,560
label_4.jpg,1440,1080,G0,968,572,982,590
label_4.jpg,1440,1080,G0,974,530,999,550
label_4.jpg,1440,1080,G0,953,603,975,627
label_4.jpg,1440,1080,G0,930,777,947,795
label_4.jpg,1440,1080,G0,916,820,937,844
label_4.jpg,1440,1080,G0,929,623,938,638
label_4.jpg,1440,1080,G0,917,755,936,773
label_4.jpg,1440,1080,G0,987,386,1001,404
label_4.jpg,1440,1080,G0,1018,331,1031,348
label_4.jpg,1440,1080,G0,1010,277,1024,291
label_4.jpg,1440,1080,G0,993,297,1013,314
label_4.jpg,1440,1080,G0,973,311,991,327
label_4.jpg,1440,1080,G0,970,349,982,368
label_4.jpg,1440,1080,G0,968,267,981,276
label_4.jpg,1440,1080,G0,925,435,940,452
label_4.jpg,1440,1080,G0,923,286,937,302
label_4.jpg,1440,1080,G0,922,254,938,267
label_4.jpg,1440,1080,G0,909,308,921,321
label_4.jpg,1440,1080,G0,942,240,957,253
label_4.jpg,1440,1080,G0,946,282,967,297
label_4.jpg,1440,1080,G0,946,431,964,447
label_4.jpg,1440,1080,G0,912,587,926,604
label_4.jpg,1440,1080,G0,900,652,916,672
label_4.jpg,1440,1080,G0,892,625,907,639
label_4.jpg,1440,1080,G0,889,784,906,799
label_4.jpg,1440,1080,G0,884,751,904,767
label_4.jpg,1440,1080,G0,897,543,917,562
label_4.jpg,1440,1080,G0,910,212,928,227
label_4.jpg,1440,1080,G0,891,227,907,239
label_4.jpg,1440,1080,G0,888,579,904,591
label_4.jpg,1440,1080,G0,860,738,880,755
label_4.jpg,1440,1080,G0,857,778,871,792
label_4.jpg,1440,1080,G0,873,662,887,675
label_4.jpg,1440,1080,G0,891,259,907,271
label_4.jpg,1440,1080,G0,884,193,894,202
label_4.jpg,1440,1080,G0,858,208,875,220
label_4.jpg,1440,1080,G0,829,276,849,287
label_4.jpg,1440,1080,G0,881,285,897,297
label_4.jpg,1440,1080,G0,864,301,880,311
label_4.jpg,1440,1080,G0,861,336,876,349
label_4.jpg,1440,1080,G0,868,616,886,633
label_4.jpg,1440,1080,G0,857,236,874,246
label_4.jpg,1440,1080,G0,849,259,865,274
label_4.jpg,1440,1080,G0,834,309,851,326
label_4.jpg,1440,1080,G0,829,335,844,347
label_4.jpg,1440,1080,G0,844,649,865,666
label_4.jpg,1440,1080,G0,841,691,858,706
label_4.jpg,1440,1080,G0,845,717,869,734
label_4.jpg,1440,1080,G0,831,763,850,779
label_4.jpg,1440,1080,G0,818,795,836,816
label_4.jpg,1440,1080,G0,817,739,836,758
label_4.jpg,1440,1080,G0,811,714,832,732
label_4.jpg,1440,1080,G0,795,780,809,799
label_4.jpg,1440,1080,G0,816,680,835,695
label_4.jpg,1440,1080,G0,845,174,858,182
label_4.jpg,1440,1080,G0,827,215,840,229
label_4.jpg,1440,1080,G0,822,188,838,200
label_4.jpg,1440,1080,G0,812,239,832,251
label_4.jpg,1440,1080,G0,803,151,824,166
label_4.jpg,1440,1080,G0,785,176,802,187
label_4.jpg,1440,1080,G0,785,202,804,212
label_4.jpg,1440,1080,G0,795,258,812,270
label_4.jpg,1440,1080,G0,801,287,817,302
label_4.jpg,1440,1080,G0,785,700,806,718
label_4.jpg,1440,1080,G0,784,756,801,776
label_4.jpg,1440,1080,G0,779,736,797,750
label_4.jpg,1440,1080,G0,780,332,796,343
label_4.jpg,1440,1080,G0,765,272,784,282
label_4.jpg,1440,1080,G0,764,296,778,304
label_4.jpg,1440,1080,G0,779,223,796,232
label_4.jpg,1440,1080,G0,760,244,777,255
label_4.jpg,1440,1080,G0,750,723,770,739
label_4.jpg,1440,1080,G0,741,773,761,791
label_4.jpg,1440,1080,G0,742,755,759,767
label_4.jpg,1440,1080,G0,746,316,759,324
label_4.jpg,1440,1080,G0,750,184,764,196
label_4.jpg,1440,1080,G0,739,206,757,223
label_4.jpg,1440,1080,G0,587,825,604,845
label_4.jpg,1440,1080,G0,597,731,612,743
label_4.jpg,1440,1080,G0,586,752,609,767
label_4.jpg,1440,1080,G0,585,776,609,793
label_4.jpg,1440,1080,G0,561,798,585,811
label_4.jpg,1440,1080,G0,542,835,563,854
label_4.jpg,1440,1080,G0,550,819,568,831
label_4.jpg,1440,1080,G0,549,763,573,778
label_4.jpg,1440,1080,G0,606,285,621,295
label_4.jpg,1440,1080,G0,601,235,621,252
label_4.jpg,1440,1080,G0,589,314,610,326
label_4.jpg,1440,1080,G0,560,714,582,729
label_4.jpg,1440,1080,G0,550,735,572,752
label_4.jpg,1440,1080,G0,524,781,546,794
label_4.jpg,1440,1080,G0,513,801,533,815
label_4.jpg,1440,1080,G0,508,827,529,839
label_4.jpg,1440,1080,G0,481,839,500,852
label_4.jpg,1440,1080,G0,477,806,493,818
label_4.jpg,1440,1080,G0,465,857,484,874
label_4.jpg,1440,1080,G0,529,691,549,708
label_4.jpg,1440,1080,G0,555,327,576,343
label_4.jpg,1440,1080,G0,517,714,539,731
label_4.jpg,1440,1080,G0,568,295,591,310
label_4.jpg,1440,1080,G0,571,269,593,283
label_4.jpg,1440,1080,G0,564,244,582,258
label_4.jpg,1440,1080,G0,537,285,557,301
label_4.jpg,1440,1080,G0,547,226,564,243
label_4.jpg,1440,1080,G0,529,263,548,277
label_4.jpg,1440,1080,G0,534,312,559,327
label_4.jpg,1440,1080,G0,492,759,515,772
label_4.jpg,1440,1080,G0,523,349,543,367
label_4.jpg,1440,1080,G0,501,666,511,677
label_4.jpg,1440,1080,G0,485,718,506,735
label_4.jpg,1440,1080,G0,478,777,498,793
label_4.jpg,1440,1080,G0,449,818,466,831
label_4.jpg,1440,1080,G0,488,690,508,705
label_4.jpg,1440,1080,G0,461,732,483,748
label_4.jpg,1440,1080,G0,464,701,477,708
label_4.jpg,1440,1080,G0,457,691,469,702
label_4.jpg,1440,1080,G0,476,633,495,651
label_4.jpg,1440,1080,G0,461,655,481,675
label_4.jpg,1440,1080,G0,448,751,467,767
label_4.jpg,1440,1080,G0,442,780,460,795
label_4.jpg,1440,1080,G0,501,338,525,353
label_4.jpg,1440,1080,G0,505,304,525,320
label_4.jpg,1440,1080,G0,511,247,529,258
label_4.jpg,1440,1080,G0,475,328,495,344
label_4.jpg,1440,1080,G0,494,281,514,300
label_4.jpg,1440,1080,G0,475,264,498,284
label_4.jpg,1440,1080,G0,465,307,487,326
label_4.jpg,1440,1080,G0,453,258,472,271
label_4.jpg,1440,1080,G0,443,291,467,310
label_4.jpg,1440,1080,G0,448,232,463,244
label_4.jpg,1440,1080,G0,332,454,346,475
label_4.jpg,1440,1080,G0,308,462,324,482
label_4.jpg,1440,1080,G0,421,508,439,527
label_4.jpg,1440,1080,G0,381,594,399,615
label_4.jpg,1440,1080,G0,394,506,416,526
label_4.jpg,1440,1080,G0,430,393,444,412
label_4.jpg,1440,1080,G0,415,428,429,447
label_4.jpg,1440,1080,G0,400,467,422,486
label_4.jpg,1440,1080,G0,399,347,415,373
label_4.jpg,1440,1080,G0,398,239,417,255
label_4.jpg,1440,1080,G0,392,284,408,303
label_4.jpg,1440,1080,G0,394,312,417,330
label_4.jpg,1440,1080,G0,370,344,389,368
label_4.jpg,1440,1080,G0,378,270,391,280
label_4.jpg,1440,1080,G0,363,315,383,334
label_4.jpg,1440,1080,G0,331,334,344,350
label_4.jpg,1440,1080,G0,327,387,344,405
label_4.jpg,1440,1080,G0,350,301,364,319
label_4.jpg,1440,1080,G0,344,350,361,367
label_4.jpg,1440,1080,G0,316,424,337,442
label_4.jpg,1440,1080,G0,372,516,392,535
label_4.jpg,1440,1080,G0,433,213,447,226
label_4.jpg,1440,1080,G0,422,281,443,299
label_4.jpg,1440,1080,G0,416,321,438,339
label_4.jpg,1440,1080,G0,436,334,457,354
label_4.jpg,1440,1080,G0,448,357,462,378
label_4.jpg,1440,1080,G0,474,364,493,383
label_4.jpg,1440,1080,G0,454,396,470,416
label_4.jpg,1440,1080,G0,454,444,474,459
label_4.jpg,1440,1080,G0,448,559,465,578
label_4.jpg,1440,1080,G0,459,596,476,616
label_4.jpg,1440,1080,G0,435,658,453,675
label_4.jpg,1440,1080,G0,434,703,445,711
label_4.jpg,1440,1080,G0,423,725,439,739
label_4.jpg,1440,1080,G0,417,791,435,804
label_4.jpg,1440,1080,G0,413,752,433,767
label_4.jpg,1440,1080,G0,443,623,460,639
label_4.jpg,1440,1080,G0,429,468,443,487
label_4.jpg,1440,1080,G0,442,521,461,540
label_4.jpg,1440,1080,G0,417,623,435,640
label_4.jpg,1440,1080,G0,413,670,432,686
label_4.jpg,1440,1080,G0,397,688,411,705
label_4.jpg,1440,1080,G0,402,584,421,602
label_4.jpg,1440,1080,G0,394,634,413,652
label_4.jpg,1440,1080,G0,388,722,401,735
label_4.jpg,1440,1080,G0,390,761,408,776
label_4.jpg,1440,1080,G0,376,780,390,791
label_4.jpg,1440,1080,G0,366,730,384,745
label_4.jpg,1440,1080,G0,375,652,393,671
label_4.jpg,1440,1080,G0,368,687,381,703
label_4.jpg,1440,1080,G0,350,748,361,760
label_4.jpg,1440,1080,G0,360,616,378,630
label_4.jpg,1440,1080,G0,350,652,367,668
label_4.jpg,1440,1080,G0,346,696,359,713
label_4.jpg,1440,1080,G0,329,713,341,727
label_4.jpg,1440,1080,G0,338,611,355,631
label_4.jpg,1440,1080,G0,329,659,343,677
label_4.jpg,1440,1080,G0,330,571,348,597
label_4.jpg,1440,1080,G0,316,621,332,639
label_4.jpg,1440,1080,G0,312,676,325,691
label_4.jpg,1440,1080,G0,301,638,311,651
label_4.jpg,1440,1080,G0,308,580,323,600
label_4.jpg,1440,1080,G0,284,483,297,499
label_4.jpg,1440,1080,G0,289,599,302,615
label_4.jpg,1440,1080,G0,316,368,327,375
label_4.jpg,1440,1080,G0,299,404,316,421
label_4.jpg,1440,1080,G0,289,443,304,459
label_4.jpg,1440,1080,G0,282,521,295,538
label_4.jpg,1440,1080,G0,284,560,296,576
label_4.jpg,1440,1080,G0,307,500,325,521
label_4.jpg,1440,1080,G0,306,540,326,562
label_4.jpg,1440,1080,G0,329,496,344,516
label_4.jpg,1440,1080,G0,327,535,341,553
label_4.jpg,1440,1080,G0,357,577,370,599
label_4.jpg,1440,1080,G0,349,538,366,559
label_4.jpg,1440,1080,G0,354,498,366,519
label_4.jpg,1440,1080,G0,356,457,368,483
label_4.jpg,1440,1080,G0,343,415,354,438
label_4.jpg,1440,1080,G0,368,420,378,442
label_4.jpg,1440,1080,G0,385,435,402,461
label_4.jpg,1440,1080,G0,380,474,391,495
label_4.jpg,1440,1080,G0,378,555,393,575
label_4.jpg,1440,1080,G0,401,544,417,566
label_4.jpg,1440,1080,G0,424,545,441,564
label_4.jpg,1440,1080,G0,434,586,448,605
label_4.jpg,1440,1080,G0,357,378,375,401
label_4.jpg,1440,1080,G0,382,384,395,407
label_4.jpg,1440,1080,G0,400,398,411,423
label_4.jpg,1440,1080,G0,418,364,431,386
label_4.jpg,1440,1080,G0,416,259,438,271
label_4.jpg,1440,1080,G0,460,188,482,205
label_4.jpg,1440,1080,G0,477,209,499,225
label_4.jpg,1440,1080,G0,484,236,503,251
label_4.jpg,1440,1080,G0,496,171,518,183
label_4.jpg,1440,1080,G0,512,190,536,207
label_4.jpg,1440,1080,G0,517,214,534,233
label_4.jpg,1440,1080,G0,534,157,555,174
label_4.jpg,1440,1080,G0,551,177,571,194
label_4.jpg,1440,1080,G0,554,201,575,216
label_4.jpg,1440,1080,G0,581,215,604,230
label_4.jpg,1440,1080,G0,569,143,590,161
label_4.jpg,1440,1080,G0,586,166,608,180
label_4.jpg,1440,1080,G0,587,189,611,202
label_4.jpg,1440,1080,G0,629,302,646,315
label_4.jpg,1440,1080,G0,609,258,629,271
label_4.jpg,1440,1080,G0,608,134,629,151
label_4.jpg,1440,1080,G0,646,129,667,147
label_4.jpg,1440,1080,G0,689,129,707,147
label_4.jpg,1440,1080,G0,723,132,745,151
label_4.jpg,1440,1080,G0,764,136,787,159
label_4.jpg,1440,1080,G0,742,164,761,182
label_4.jpg,1440,1080,G0,702,155,724,175
label_4.jpg,1440,1080,G0,665,156,685,170
label_4.jpg,1440,1080,G0,624,159,645,170
label_4.jpg,1440,1080,G0,624,179,648,194
label_4.jpg,1440,1080,G0,620,207,642,221
label_4.jpg,1440,1080,G0,668,179,688,193
label_4.jpg,1440,1080,G0,658,204,677,221
label_4.jpg,1440,1080,G0,640,229,659,242
label_4.jpg,1440,1080,G0,647,253,665,268
label_4.jpg,1440,1080,G0,643,278,661,294
label_4.jpg,1440,1080,G0,706,179,730,199
label_4.jpg,1440,1080,G0,697,205,719,223
label_4.jpg,1440,1080,G0,678,226,699,243
label_4.jpg,1440,1080,G0,718,230,737,253
label_4.jpg,1440,1080,G0,685,251,707,270
label_4.jpg,1440,1080,G0,679,273,700,293
label_4.jpg,1440,1080,G0,664,298,685,314
label_4.jpg,1440,1080,G0,727,257,744,277
label_4.jpg,1440,1080,G0,718,278,737,299
label_4.jpg,1440,1080,G0,707,304,726,321
label_4.jpg,1440,1080,G0,793,309,811,327
label_4.jpg,1440,1080,G0,889,326,908,341
label_4.jpg,1440,1080,G0,854,358,868,381
label_4.jpg,1440,1080,G0,946,316,959,332
label_4.jpg,1440,1080,G0,992,346,1014,364
label_4.jpg,1440,1080,G0,934,342,950,359
label_4.jpg,1440,1080,G0,912,351,928,374
label_4.jpg,1440,1080,G0,884,361,905,382
label_4.jpg,1440,1080,G0,878,392,897,410
label_4.jpg,1440,1080,G0,954,374,970,392
label_4.jpg,1440,1080,G0,932,390,951,410
label_4.jpg,1440,1080,G0,909,396,924,411
label_4.jpg,1440,1080,G0,966,412,986,430
label_4.jpg,1440,1080,G0,891,429,911,443
label_4.jpg,1440,1080,G0,1043,406,1059,424
label_4.jpg,1440,1080,G0,1018,418,1037,441
label_4.jpg,1440,1080,G0,998,422,1009,442
label_4.jpg,1440,1080,G0,972,448,996,472
label_4.jpg,1440,1080,G0,950,465,969,488
label_4.jpg,1440,1080,G0,924,471,946,494
label_4.jpg,1440,1080,G0,902,462,921,487
label_4.jpg,1440,1080,G0,1050,444,1071,466
label_4.jpg,1440,1080,G0,903,501,920,523
label_4.jpg,1440,1080,G0,926,510,944,533
label_4.jpg,1440,1080,G0,951,505,968,527
label_4.jpg,1440,1080,G0,974,484,998,512
label_4.jpg,1440,1080,G0,1003,499,1021,523
label_4.jpg,1440,1080,G0,1027,497,1045,520
label_4.jpg,1440,1080,G0,1054,485,1073,509
label_4.jpg,1440,1080,G0,920,549,935,569
label_4.jpg,1440,1080,G0,947,543,965,566
label_4.jpg,1440,1080,G0,934,582,950,608
label_4.jpg,1440,1080,G0,988,578,1005,601
label_4.jpg,1440,1080,G0,1018,581,1037,603
label_4.jpg,1440,1080,G0,1076,418,1091,443
label_4.jpg,1440,1080,G0,1077,460,1104,487
label_4.jpg,1440,1080,G0,1078,501,1098,526
label_4.jpg,1440,1080,G0,1044,657,1062,676
label_4.jpg,1440,1080,G0,986,654,1004,676
label_4.jpg,1440,1080,G0,957,653,975,677
label_4.jpg,1440,1080,G0,938,643,954,667
label_4.jpg,1440,1080,G0,916,678,932,696
label_4.jpg,1440,1080,G0,875,685,896,704
label_4.jpg,1440,1080,G0,889,709,908,729
label_4.jpg,1440,1080,G0,1024,698,1040,717
label_4.jpg,1440,1080,G0,1003,681,1018,698
label_4.jpg,1440,1080,G0,968,690,987,711
label_4.jpg,1440,1080,G0,939,688,957,709
label_4.jpg,1440,1080,G0,913,722,930,742
label_4.jpg,1440,1080,G0,982,714,996,734
label_4.jpg,1440,1080,G0,943,724,959,745
label_4.jpg,1440,1080,G0,1001,729,1017,753
label_4.jpg,1440,1080,G0,977,762,997,783
label_4.jpg,1440,1080,G0,957,747,975,767
label_4.jpg,1440,1080,G0,895,803,914,825
label_4.jpg,1440,1080,G0,851,803,874,822
label_4.jpg,1440,1080,G0,863,829,881,850
label_4.jpg,1440,1080,G0,886,840,906,863
label_4.jpg,1440,1080,G0,816,825,836,844
label_4.jpg,1440,1080,G0,827,851,849,864
label_4.jpg,1440,1080,G0,844,862,867,884
label_4.jpg,1440,1080,G0,758,796,777,817
label_4.jpg,1440,1080,G0,779,813,804,835
label_4.jpg,1440,1080,G0,779,836,804,857
label_4.jpg,1440,1080,G0,787,862,812,884
label_4.jpg,1440,1080,G0,812,880,832,900
label_4.jpg,1440,1080,G0,710,732,732,749
label_4.jpg,1440,1080,G0,672,736,696,755
label_4.jpg,1440,1080,G0,632,738,654,754
label_4.jpg,1440,1080,G0,704,754,725,778
label_4.jpg,1440,1080,G0,663,757,684,780
label_4.jpg,1440,1080,G0,621,757,644,780
label_4.jpg,1440,1080,G0,702,782,727,804
label_4.jpg,1440,1080,G0,664,786,686,805
label_4.jpg,1440,1080,G0,623,784,644,806
label_4.jpg,1440,1080,G0,718,800,735,831
label_4.jpg,1440,1080,G0,741,822,762,847
label_4.jpg,1440,1080,G0,739,850,757,878
label_4.jpg,1440,1080,G0,752,871,774,898
label_4.jpg,1440,1080,G0,774,894,797,915
label_4.jpg,1440,1080,G0,678,811,700,832
label_4.jpg,1440,1080,G0,637,810,657,831
label_4.jpg,1440,1080,G0,597,800,618,826
label_4.jpg,1440,1080,G0,703,833,726,856
label_4.jpg,1440,1080,G0,700,861,723,881
label_4.jpg,1440,1080,G0,660,833,686,858
label_4.jpg,1440,1080,G0,626,833,645,854
label_4.jpg,1440,1080,G0,658,857,682,884
label_4.jpg,1440,1080,G0,620,856,641,880
label_4.jpg,1440,1080,G0,582,851,600,877
label_4.jpg,1440,1080,G0,710,884,731,907
label_4.jpg,1440,1080,G0,732,906,753,925
label_4.jpg,1440,1080,G0,670,887,689,907
label_4.jpg,1440,1080,G0,692,910,716,929
label_4.jpg,1440,1080,G0,650,908,671,931
label_4.jpg,1440,1080,G0,630,886,651,908
label_4.jpg,1440,1080,G0,612,910,632,932
label_4.jpg,1440,1080,G0,591,874,609,902
label_4.jpg,1440,1080,G0,574,896,592,918
label_4.jpg,1440,1080,G0,554,864,571,888
label_4.jpg,1440,1080,G0,536,884,553,907
label_4.jpg,1440,1080,G0,516,851,535,874
label_4.jpg,1440,1080,G0,497,869,515,893
label_4.jpg,1440,1080,G0,430,828,452,847
label_4.jpg,1440,1080,G0,398,804,420,824
label_4.jpg,1440,1080,G0,985,247,1002,258
label_5.jpg,1440,1080,G0,426,498,445,519
label_5.jpg,1440,1080,G0,1034,503,1055,521
label_5.jpg,1440,1080,G0,1028,547,1049,564
label_5.jpg,1440,1080,G0,1075,408,1093,427
label_5.jpg,1440,1080,G0,1067,368,1081,377
label_5.jpg,1440,1080,G0,1050,419,1075,440
label_5.jpg,1440,1080,G0,1095,588,1109,607
label_5.jpg,1440,1080,G0,1105,547,1115,566
label_5.jpg,1440,1080,G0,1086,632,1100,648
label_5.jpg,1440,1080,G0,1077,574,1095,591
label_5.jpg,1440,1080,G0,1084,532,1101,552
label_5.jpg,1440,1080,G0,1085,344,1099,359
label_5.jpg,1440,1080,G0,1101,384,1111,394
label_5.jpg,1440,1080,G0,1083,447,1101,468
label_5.jpg,1440,1080,G0,1058,463,1081,480
label_5.jpg,1440,1080,G0,1058,502,1072,521
label_5.jpg,1440,1080,G0,1056,545,1076,564
label_5.jpg,1440,1080,G0,1065,616,1083,633
label_5.jpg,1440,1080,G0,1049,655,1067,671
label_5.jpg,1440,1080,G0,1034,624,1051,644
label_5.jpg,1440,1080,G0,1003,625,1026,644
label_5.jpg,1440,1080,G0,1018,585,1031,607
label_5.jpg,1440,1080,G0,1033,461,1051,482
label_5.jpg,1440,1080,G0,1066,306,1081,322
label_5.jpg,1440,1080,G0,1042,382,1060,399
label_5.jpg,1440,1080,G0,1047,328,1063,342
label_5.jpg,1440,1080,G0,1026,343,1046,360
label_5.jpg,1440,1080,G0,1043,271,1059,285
label_5.jpg,1440,1080,G0,1027,292,1045,308
label_5.jpg,1440,1080,G0,1002,260,1011,268
label_5.jpg,1440,1080,G0,986,371,999,387
label_5.jpg,1440,1080,G0,976,430,993,447
label_5.jpg,1440,1080,G0,980,273,998,288
label_5.jpg,1440,1080,G0,978,310,994,325
label_5.jpg,1440,1080,G0,964,335,981,350
label_5.jpg,1440,1080,G0,974,228,989,244
label_5.jpg,1440,1080,G0,951,243,969,259
label_5.jpg,1440,1080,G0,951,276,969,293
label_5.jpg,1440,1080,G0,940,302,954,319
label_5.jpg,1440,1080,G0,930,465,950,483
label_5.jpg,1440,1080,G0,929,505,950,524
label_5.jpg,1440,1080,G0,942,201,956,212
label_5.jpg,1440,1080,G0,1004,306,1024,323
label_5.jpg,1440,1080,G0,1000,345,1019,363
label_5.jpg,1440,1080,G0,1015,382,1035,402
label_5.jpg,1440,1080,G0,1026,422,1045,441
label_5.jpg,1440,1080,G0,1004,451,1030,470
label_5.jpg,1440,1080,G0,1008,490,1031,511
label_5.jpg,1440,1080,G0,1005,534,1024,553
label_5.jpg,1440,1080,G0,993,574,1015,594
label_5.jpg,1440,1080,G0,978,467,1003,488
label_5.jpg,1440,1080,G0,978,611,1000,631
label_5.jpg,1440,1080,G0,960,590,982,611
label_5.jpg,1440,1080,G0,947,788,965,807
label_5.jpg,1440,1080,G0,939,768,955,783
label_5.jpg,1440,1080,G0,971,547,994,568
label_5.jpg,1440,1080,G0,955,472,975,491
label_5.jpg,1440,1080,G0,953,435,967,451
label_5.jpg,1440,1080,G0,943,553,969,571
label_5.jpg,1440,1080,G0,937,592,953,608
label_5.jpg,1440,1080,G0,904,792,924,808
label_5.jpg,1440,1080,G0,921,544,942,563
label_5.jpg,1440,1080,G0,913,584,926,593
label_5.jpg,1440,1080,G0,904,766,922,779
label_5.jpg,1440,1080,G0,921,217,935,230
label_5.jpg,1440,1080,G0,920,249,937,262
label_5.jpg,1440,1080,G0,909,274,925,288
label_5.jpg,1440,1080,G0,914,180,924,190
label_5.jpg,1440,1080,G0,886,192,903,207
label_5.jpg,1440,1080,G0,888,222,903,236
label_5.jpg,1440,1080,G0,890,291,907,306
label_5.jpg,1440,1080,G0,892,327,907,345
label_5.jpg,1440,1080,G0,881,745,899,764
label_5.jpg,1440,1080,G0,865,723,886,741
label_5.jpg,1440,1080,G0,861,691,877,713
label_5.jpg,1440,1080,G0,877,249,894,260
label_5.jpg,1440,1080,G0,863,300,876,311
label_5.jpg,1440,1080,G0,855,326,868,341
label_5.jpg,1440,1080,G0,858,265,874,277
label_5.jpg,1440,1080,G0,842,224,856,238
label_5.jpg,1440,1080,G0,850,174,866,183
label_5.jpg,1440,1080,G0,822,243,839,258
label_5.jpg,1440,1080,G0,813,184,831,194
label_5.jpg,1440,1080,G0,813,158,829,175
label_5.jpg,1440,1080,G0,827,277,843,287
label_5.jpg,1440,1080,G0,833,691,854,702
label_5.jpg,1440,1080,G0,829,722,848,738
label_5.jpg,1440,1080,G0,793,740,812,758
label_5.jpg,1440,1080,G0,820,301,837,314
label_5.jpg,1440,1080,G0,802,708,821,724
label_5.jpg,1440,1080,G0,802,320,819,334
label_5.jpg,1440,1080,G0,805,208,821,222
label_5.jpg,1440,1080,G0,785,228,804,247
label_5.jpg,1440,1080,G0,790,253,807,271
label_5.jpg,1440,1080,G0,780,279,801,293
label_5.jpg,1440,1080,G0,765,304,784,318
label_5.jpg,1440,1080,G0,769,730,785,742
label_5.jpg,1440,1080,G0,771,171,788,186
label_5.jpg,1440,1080,G0,761,197,784,209
label_5.jpg,1440,1080,G0,605,299,625,310
label_5.jpg,1440,1080,G0,606,734,620,747
label_5.jpg,1440,1080,G0,593,787,617,797
label_5.jpg,1440,1080,G0,594,758,617,771
label_5.jpg,1440,1080,G0,568,800,587,813
label_5.jpg,1440,1080,G0,587,255,603,264
label_5.jpg,1440,1080,G0,581,278,603,293
label_5.jpg,1440,1080,G0,567,715,589,731
label_5.jpg,1440,1080,G0,557,738,577,755
label_5.jpg,1440,1080,G0,556,766,577,783
label_5.jpg,1440,1080,G0,569,315,588,329
label_5.jpg,1440,1080,G0,581,228,593,238
label_5.jpg,1440,1080,G0,534,692,555,709
label_5.jpg,1440,1080,G0,534,335,556,354
label_5.jpg,1440,1080,G0,545,297,570,312
label_5.jpg,1440,1080,G0,505,663,517,675
label_5.jpg,1440,1080,G0,523,715,545,732
label_5.jpg,1440,1080,G0,521,745,542,762
label_5.jpg,1440,1080,G0,530,784,552,799
label_5.jpg,1440,1080,G0,518,805,536,820
label_5.jpg,1440,1080,G0,513,833,529,846
label_5.jpg,1440,1080,G0,497,761,517,775
label_5.jpg,1440,1080,G0,482,782,501,794
label_5.jpg,1440,1080,G0,482,846,499,857
label_5.jpg,1440,1080,G0,478,810,496,821
label_5.jpg,1440,1080,G0,488,718,509,735
label_5.jpg,1440,1080,G0,493,691,513,706
label_5.jpg,1440,1080,G0,481,632,501,650
label_5.jpg,1440,1080,G0,465,593,482,612
label_5.jpg,1440,1080,G0,465,654,487,672
label_5.jpg,1440,1080,G0,460,690,481,713
label_5.jpg,1440,1080,G0,465,733,486,751
label_5.jpg,1440,1080,G0,449,752,469,767
label_5.jpg,1440,1080,G0,449,820,466,834
label_5.jpg,1440,1080,G0,443,782,461,796
label_5.jpg,1440,1080,G0,438,695,456,719
label_5.jpg,1440,1080,G0,447,619,465,638
label_5.jpg,1440,1080,G0,453,552,471,572
label_5.jpg,1440,1080,G0,448,512,468,533
label_5.jpg,1440,1080,G0,398,627,412,646
label_5.jpg,1440,1080,G0,403,576,424,596
label_5.jpg,1440,1080,G0,420,618,440,636
label_5.jpg,1440,1080,G0,437,654,458,672
label_5.jpg,1440,1080,G0,418,793,437,806
label_5.jpg,1440,1080,G0,425,724,442,739
label_5.jpg,1440,1080,G0,416,754,434,768
label_5.jpg,1440,1080,G0,416,666,436,684
label_5.jpg,1440,1080,G0,399,686,415,703
label_5.jpg,1440,1080,G0,390,720,401,735
label_5.jpg,1440,1080,G0,390,762,409,777
label_5.jpg,1440,1080,G0,374,781,384,791
label_5.jpg,1440,1080,G0,365,729,382,744
label_5.jpg,1440,1080,G0,385,588,402,608
label_5.jpg,1440,1080,G0,377,652,396,666
label_5.jpg,1440,1080,G0,368,685,384,701
label_5.jpg,1440,1080,G0,348,746,358,760
label_5.jpg,1440,1080,G0,350,647,368,664
label_5.jpg,1440,1080,G0,344,695,359,707
label_5.jpg,1440,1080,G0,338,604,350,625
label_5.jpg,1440,1080,G0,329,655,342,671
label_5.jpg,1440,1080,G0,328,712,339,724
label_5.jpg,1440,1080,G0,310,672,320,687
label_5.jpg,1440,1080,G0,504,363,524,382
label_5.jpg,1440,1080,G0,550,267,569,282
label_5.jpg,1440,1080,G0,513,322,535,339
label_5.jpg,1440,1080,G0,481,396,501,415
label_5.jpg,1440,1080,G0,542,243,561,259
label_5.jpg,1440,1080,G0,497,216,512,232
label_5.jpg,1440,1080,G0,524,227,544,238
label_5.jpg,1440,1080,G0,514,287,538,305
label_5.jpg,1440,1080,G0,507,264,526,283
label_5.jpg,1440,1080,G0,486,313,506,328
label_5.jpg,1440,1080,G0,489,248,509,262
label_5.jpg,1440,1080,G0,473,290,496,310
label_5.jpg,1440,1080,G0,482,350,505,369
label_5.jpg,1440,1080,G0,459,431,484,450
label_5.jpg,1440,1080,G0,460,381,481,402
label_5.jpg,1440,1080,G0,456,343,481,363
label_5.jpg,1440,1080,G0,445,318,465,335
label_5.jpg,1440,1080,G0,434,378,458,399
label_5.jpg,1440,1080,G0,417,415,462,438
label_5.jpg,1440,1080,G0,402,455,427,476
label_5.jpg,1440,1080,G0,315,615,330,633
label_5.jpg,1440,1080,G0,306,571,322,592
label_5.jpg,1440,1080,G0,378,465,399,486
label_5.jpg,1440,1080,G0,419,351,440,371
label_5.jpg,1440,1080,G0,462,236,481,251
label_5.jpg,1440,1080,G0,454,272,477,291
label_5.jpg,1440,1080,G0,425,302,445,322
label_5.jpg,1440,1080,G0,456,211,471,223
label_5.jpg,1440,1080,G0,432,262,452,281
label_5.jpg,1440,1080,G0,423,236,443,252
label_5.jpg,1440,1080,G0,411,218,427,231
label_5.jpg,1440,1080,G0,398,265,414,280
label_5.jpg,1440,1080,G0,401,294,424,312
label_5.jpg,1440,1080,G0,401,387,421,406
label_5.jpg,1440,1080,G0,357,447,376,469
label_5.jpg,1440,1080,G0,336,442,351,463
label_5.jpg,1440,1080,G0,341,398,360,422
label_5.jpg,1440,1080,G0,347,332,366,351
label_5.jpg,1440,1080,G0,385,249,398,258
label_5.jpg,1440,1080,G0,355,272,370,298
label_5.jpg,1440,1080,G0,331,371,347,388
label_5.jpg,1440,1080,G0,333,314,349,330
label_5.jpg,1440,1080,G0,317,407,329,427
label_5.jpg,1440,1080,G0,313,345,330,357
label_5.jpg,1440,1080,G0,309,448,321,466
label_5.jpg,1440,1080,G0,289,427,303,446
label_5.jpg,1440,1080,G0,300,387,315,405
label_5.jpg,1440,1080,G0,280,508,293,527
label_5.jpg,1440,1080,G0,283,468,296,486
label_5.jpg,1440,1080,G0,287,591,301,607
label_5.jpg,1440,1080,G0,282,549,295,567
label_5.jpg,1440,1080,G0,305,487,318,510
label_5.jpg,1440,1080,G0,304,529,320,554
label_5.jpg,1440,1080,G0,296,628,312,652
label_5.jpg,1440,1080,G0,370,292,384,314
label_5.jpg,1440,1080,G0,379,324,392,347
label_5.jpg,1440,1080,G0,362,361,375,387
label_5.jpg,1440,1080,G0,388,369,400,388
label_5.jpg,1440,1080,G0,373,406,385,431
label_5.jpg,1440,1080,G0,329,479,344,502
label_5.jpg,1440,1080,G0,392,423,405,446
label_5.jpg,1440,1080,G0,355,486,368,509
label_5.jpg,1440,1080,G0,329,524,343,544
label_5.jpg,1440,1080,G0,333,565,348,585
label_5.jpg,1440,1080,G0,352,528,369,553
label_5.jpg,1440,1080,G0,357,570,371,588
label_5.jpg,1440,1080,G0,367,610,378,623
label_5.jpg,1440,1080,G0,379,504,393,527
label_5.jpg,1440,1080,G0,380,547,397,569
label_5.jpg,1440,1080,G0,402,494,418,519
label_5.jpg,1440,1080,G0,403,536,419,560
label_5.jpg,1440,1080,G0,427,536,444,560
label_5.jpg,1440,1080,G0,436,578,453,604
label_5.jpg,1440,1080,G0,551,821,573,841
label_5.jpg,1440,1080,G0,548,846,564,867
label_5.jpg,1440,1080,G0,521,863,540,883
label_5.jpg,1440,1080,G0,400,808,415,824
label_5.jpg,1440,1080,G0,432,834,449,851
label_5.jpg,1440,1080,G0,467,863,484,879
label_5.jpg,1440,1080,G0,500,881,519,897
label_5.jpg,1440,1080,G0,541,897,559,915
label_5.jpg,1440,1080,G0,556,878,574,895
label_5.jpg,1440,1080,G0,592,835,610,853
label_5.jpg,1440,1080,G0,585,860,604,875
label_5.jpg,1440,1080,G0,580,909,600,929
label_5.jpg,1440,1080,G0,600,890,619,909
label_5.jpg,1440,1080,G0,607,813,629,833
label_5.jpg,1440,1080,G0,644,743,665,760
label_5.jpg,1440,1080,G0,631,764,651,785
label_5.jpg,1440,1080,G0,635,793,652,813
label_5.jpg,1440,1080,G0,646,820,667,841
label_5.jpg,1440,1080,G0,631,843,652,863
label_5.jpg,1440,1080,G0,627,873,649,890
label_5.jpg,1440,1080,G0,637,898,658,920
label_5.jpg,1440,1080,G0,619,919,636,942
label_5.jpg,1440,1080,G0,685,745,706,765
label_5.jpg,1440,1080,G0,673,771,693,788
label_5.jpg,1440,1080,G0,674,796,694,815
label_5.jpg,1440,1080,G0,688,820,709,841
label_5.jpg,1440,1080,G0,672,848,692,865
label_5.jpg,1440,1080,G0,669,876,691,894
label_5.jpg,1440,1080,G0,677,900,700,923
label_5.jpg,1440,1080,G0,659,925,681,943
label_5.jpg,1440,1080,G0,722,739,741,754
label_5.jpg,1440,1080,G0,716,767,737,784
label_5.jpg,1440,1080,G0,716,793,737,812
label_5.jpg,1440,1080,G0,731,815,751,835
label_5.jpg,1440,1080,G0,714,843,739,866
label_5.jpg,1440,1080,G0,711,872,734,890
label_5.jpg,1440,1080,G0,722,896,744,917
label_5.jpg,1440,1080,G0,702,925,725,944
label_5.jpg,1440,1080,G0,744,919,767,938
label_5.jpg,1440,1080,G0,754,753,771,774
label_5.jpg,1440,1080,G0,758,784,779,800
label_5.jpg,1440,1080,G0,769,806,793,825
label_5.jpg,1440,1080,G0,754,837,780,858
label_5.jpg,1440,1080,G0,752,866,776,883
label_5.jpg,1440,1080,G0,764,887,787,910
label_5.jpg,1440,1080,G0,785,909,810,930
label_5.jpg,1440,1080,G0,794,765,810,785
label_5.jpg,1440,1080,G0,811,790,833,809
label_5.jpg,1440,1080,G0,796,823,817,843
label_5.jpg,1440,1080,G0,793,851,817,872
label_5.jpg,1440,1080,G0,805,878,823,902
label_5.jpg,1440,1080,G0,827,897,844,915
label_5.jpg,1440,1080,G0,832,806,856,825
label_5.jpg,1440,1080,G0,832,837,853,856
label_5.jpg,1440,1080,G0,842,863,861,880
label_5.jpg,1440,1080,G0,863,879,887,900
label_5.jpg,1440,1080,G0,898,856,920,876
label_5.jpg,1440,1080,G0,881,843,899,857
label_5.jpg,1440,1080,G0,868,820,891,836
label_5.jpg,1440,1080,G0,868,784,891,804
label_5.jpg,1440,1080,G0,845,770,866,788
label_5.jpg,1440,1080,G0,825,746,848,767
label_5.jpg,1440,1080,G0,913,818,937,837
label_5.jpg,1440,1080,G0,938,836,957,853
label_5.jpg,1440,1080,G0,862,652,881,672
label_5.jpg,1440,1080,G0,889,659,909,681
label_5.jpg,1440,1080,G0,894,695,917,714
label_5.jpg,1440,1080,G0,910,718,928,735
label_5.jpg,1440,1080,G0,931,731,952,753
label_5.jpg,1440,1080,G0,963,733,985,755
label_5.jpg,1440,1080,G0,977,757,999,778
label_5.jpg,1440,1080,G0,968,804,988,825
label_5.jpg,1440,1080,G0,997,776,1018,794
label_5.jpg,1440,1080,G0,1024,741,1044,762
label_5.jpg,1440,1080,G0,1006,726,1023,744
label_5.jpg,1440,1080,G0,991,698,1010,717
label_5.jpg,1440,1080,G0,958,697,979,715
label_5.jpg,1440,1080,G0,938,686,957,701
label_5.jpg,1440,1080,G0,921,663,940,678
label_5.jpg,1440,1080,G0,913,628,931,648
label_5.jpg,1440,1080,G0,888,620,907,636
label_5.jpg,1440,1080,G0,945,624,966,644
label_5.jpg,1440,1080,G0,963,651,979,671
label_5.jpg,1440,1080,G0,983,663,1003,683
label_5.jpg,1440,1080,G0,1012,662,1031,679
label_5.jpg,1440,1080,G0,1026,688,1048,712
label_5.jpg,1440,1080,G0,1044,706,1069,733
label_5.jpg,1440,1080,G0,1070,668,1087,688
label_5.jpg,1440,1080,G0,1046,585,1065,608
label_5.jpg,1440,1080,G0,1107,506,1131,529
label_5.jpg,1440,1080,G0,1107,463,1132,483
label_5.jpg,1440,1080,G0,1085,490,1100,510
label_5.jpg,1440,1080,G0,975,506,1000,527
label_5.jpg,1440,1080,G0,950,511,970,532
label_5.jpg,1440,1080,G0,996,408,1015,428
label_5.jpg,1440,1080,G0,916,423,940,444
label_5.jpg,1440,1080,G0,937,392,953,413
label_5.jpg,1440,1080,G0,960,387,977,404
label_5.jpg,1440,1080,G0,940,352,954,368
label_5.jpg,1440,1080,G0,915,357,933,371
label_5.jpg,1440,1080,G0,904,387,923,404
label_5.jpg,1440,1080,G0,882,354,899,371
label_5.jpg,1440,1080,G0,917,317,933,333
label_5.jpg,1440,1080,G0,1017,233,1040,249
label_5.jpg,1440,1080,G0,868,153,890,169
label_5.jpg,1440,1080,G0,848,202,866,215
label_5.jpg,1440,1080,G0,835,138,850,154
label_5.jpg,1440,1080,G0,792,123,820,141
label_5.jpg,1440,1080,G0,768,145,786,158
label_5.jpg,1440,1080,G0,742,217,760,234
label_5.jpg,1440,1080,G0,747,243,767,259
label_5.jpg,1440,1080,G0,744,269,763,287
label_5.jpg,1440,1080,G0,724,288,742,306
label_5.jpg,1440,1080,G0,750,112,773,135
label_5.jpg,1440,1080,G0,712,110,732,126
label_5.jpg,1440,1080,G0,726,137,748,155
label_5.jpg,1440,1080,G0,729,162,751,179
label_5.jpg,1440,1080,G0,719,185,740,203
label_5.jpg,1440,1080,G0,696,211,720,228
label_5.jpg,1440,1080,G0,702,237,725,254
label_5.jpg,1440,1080,G0,699,262,720,278
label_5.jpg,1440,1080,G0,683,285,703,300
label_5.jpg,1440,1080,G0,644,290,666,303
label_5.jpg,1440,1080,G0,659,262,681,276
label_5.jpg,1440,1080,G0,617,269,644,279
label_5.jpg,1440,1080,G0,665,238,687,249
label_5.jpg,1440,1080,G0,625,240,648,252
label_5.jpg,1440,1080,G0,659,211,680,224
label_5.jpg,1440,1080,G0,618,218,638,230
label_5.jpg,1440,1080,G0,678,184,701,200
label_5.jpg,1440,1080,G0,689,160,708,175
label_5.jpg,1440,1080,G0,688,135,708,152
label_5.jpg,1440,1080,G0,668,111,689,124
label_5.jpg,1440,1080,G0,627,114,650,125
label_5.jpg,1440,1080,G0,644,138,668,151
label_5.jpg,1440,1080,G0,645,161,669,175
label_5.jpg,1440,1080,G0,638,190,661,201
label_5.jpg,1440,1080,G0,597,198,619,208
label_5.jpg,1440,1080,G0,560,208,579,223
label_5.jpg,1440,1080,G0,603,168,631,180
label_5.jpg,1440,1080,G0,604,145,624,156
label_5.jpg,1440,1080,G0,588,122,606,136
label_5.jpg,1440,1080,G0,548,135,570,144
label_5.jpg,1440,1080,G0,565,157,585,168
label_5.jpg,1440,1080,G0,566,180,586,193
label_5.jpg,1440,1080,G0,527,196,552,207
label_5.jpg,1440,1080,G0,490,189,512,202
label_5.jpg,1440,1080,G0,526,170,548,182
label_5.jpg,1440,1080,G0,508,151,527,162
label_5.jpg,1440,1080,G0,470,168,490,179
label_5.jpg,1440,1080,G0,440,195,462,202
label_5.jpg,1440,1080,G0,434,455,446,480
label_5.jpg,1440,1080,G0,458,471,471,495
label_5.jpg,1440,1080,G0,1109,419,1126,448
